,index,fecha_aplicacion,condicion_aplicacion,cantidad,cantidad1,cantidad2
0,0,2020-12-29,18 a 59 años CON Factores de R,14,14,0
1,1,2020-12-29,60 o más años,131,131,0
2,2,2020-12-29,Estratégico,109,109,0
3,3,2020-12-29,Otros,2,2,0
4,4,2020-12-29,Salud,20200,20198,2
5,5,2020-12-30,18 a 59 años CON Factores de R,17,17,0
6,6,2020-12-30,60 o más años,35,35,0
7,7,2020-12-30,Estratégico,199,199,0
8,8,2020-12-30,Otros,1,1,0
9,9,2020-12-30,Salud,19797,19797,0
10,10,2020-12-31,18 a 59 años CON Factores de R,1,1,0
11,11,2020-12-31,60 o más años,4,4,0
12,12,2020-12-31,Estratégico,17,17,0
13,13,2020-12-31,Salud,2784,2784,0
14,14,2021-01-01,60 o más años,3,3,0
15,15,2021-01-01,Salud,118,118,0
16,16,2021-01-02,18 a 59 años CON Factores de R,1,1,0
17,17,2021-01-02,60 o más años,6,6,0
18,18,2021-01-02,Estratégico,3,3,0
19,19,2021-01-02,Otros,1,1,0
20,20,2021-01-02,Salud,3277,3276,1
21,21,2021-01-03,Estratégico,1,1,0
22,22,2021-01-03,Salud,440,436,4
23,23,2021-01-04,18 a 59 años CON Factores de R,6,6,0
24,24,2021-01-04,40 a 49 años SIN Factores de R,1,1,0
25,25,2021-01-04,60 o más años,30,30,0
26,26,2021-01-04,Estratégico,40,40,0
27,27,2021-01-04,Salud,10329,10327,2
28,28,2021-01-05,18 a 59 años CON Factores de R,2,2,0
29,29,2021-01-05,60 o más años,30,30,0
30,30,2021-01-05,Estratégico,65,65,0
31,31,2021-01-05,Salud,10612,10609,3
32,32,2021-01-06,18 a 59 años CON Factores de R,9,9,0
33,33,2021-01-06,60 o más años,12,12,0
34,34,2021-01-06,Estratégico,50,50,0
35,35,2021-01-06,Otros,1,1,0
36,36,2021-01-06,Salud,10025,10025,0
37,37,2021-01-07,18 a 59 años CON Factores de R,7,7,0
38,38,2021-01-07,60 o más años,11,11,0
39,39,2021-01-07,Estratégico,102,102,0
40,40,2021-01-07,Salud,18072,18070,2
41,41,2021-01-08,18 a 59 años CON Factores de R,44,44,0
42,42,2021-01-08,60 o más años,20,19,1
43,43,2021-01-08,Estratégico,352,352,0
44,44,2021-01-08,Salud,27419,27415,4
45,45,2021-01-09,18 a 59 años CON Factores de R,3,3,0
46,46,2021-01-09,60 o más años,7,7,0
47,47,2021-01-09,Estratégico,62,62,0
48,48,2021-01-09,Salud,10106,10106,0
49,49,2021-01-10,60 o más años,3,3,0
50,50,2021-01-10,Estratégico,45,45,0
51,51,2021-01-10,Salud,1108,1108,0
52,52,2021-01-11,18 a 39 años SIN Factores de R,1,1,0
53,53,2021-01-11,18 a 59 años CON Factores de R,20,20,0
54,54,2021-01-11,60 o más años,40,40,0
55,55,2021-01-11,Estratégico,560,560,0
56,56,2021-01-11,Salud,19147,19143,4
57,57,2021-01-12,18 a 59 años CON Factores de R,36,36,0
58,58,2021-01-12,40 a 49 años SIN Factores de R,1,1,0
59,59,2021-01-12,60 o más años,32,32,0
60,60,2021-01-12,Estratégico,165,165,0
61,61,2021-01-12,Salud,19122,19121,1
62,62,2021-01-13,18 a 59 años CON Factores de R,30,30,0
63,63,2021-01-13,60 o más años,49,49,0
64,64,2021-01-13,Estratégico,155,155,0
65,65,2021-01-13,Salud,16486,16486,0
66,66,2021-01-14,18 a 59 años CON Factores de R,79,79,0
67,67,2021-01-14,60 o más años,31,31,0
68,68,2021-01-14,Estratégico,307,307,0
69,69,2021-01-14,Salud,16194,16194,0
70,70,2021-01-15,18 a 59 años CON Factores de R,83,83,0
71,71,2021-01-15,60 o más años,68,68,0
72,72,2021-01-15,Estratégico,339,339,0
73,73,2021-01-15,Salud,16903,16900,3
74,74,2021-01-16,18 a 59 años CON Factores de R,12,12,0
75,75,2021-01-16,60 o más años,8,8,0
76,76,2021-01-16,Estratégico,49,49,0
77,77,2021-01-16,Salud,5802,5801,1
78,78,2021-01-17,60 o más años,1,1,0
79,79,2021-01-17,Estratégico,33,33,0
80,80,2021-01-17,Otros,3,3,0
81,81,2021-01-17,Salud,1017,1016,1
82,82,2021-01-18,18 a 59 años CON Factores de R,10,10,0
83,83,2021-01-18,60 o más años,41,41,0
84,84,2021-01-18,Estratégico,57,57,0
85,85,2021-01-18,Otros,2,2,0
86,86,2021-01-18,Salud,9694,9690,4
87,87,2021-01-19,18 a 39 años SIN Factores de R,1,0,1
88,88,2021-01-19,18 a 59 años CON Factores de R,29,28,1
89,89,2021-01-19,40 a 49 años SIN Factores de R,1,0,1
90,90,2021-01-19,60 o más años,37,36,1
91,91,2021-01-19,Estratégico,562,560,2
92,92,2021-01-19,Salud,12562,7169,5393
93,93,2021-01-20,18 a 59 años CON Factores de R,27,27,0
94,94,2021-01-20,60 o más años,66,55,11
95,95,2021-01-20,Estratégico,476,405,71
96,96,2021-01-20,Salud,18775,5402,13373
97,97,2021-01-21,18 a 39 años SIN Factores de R,9,0,9
98,98,2021-01-21,18 a 59 años CON Factores de R,6,6,0
99,99,2021-01-21,40 a 49 años SIN Factores de R,4,0,4
100,100,2021-01-21,50 a 59 años SIN Factores de R,6,0,6
101,101,2021-01-21,60 o más años,156,135,21
102,102,2021-01-21,Estratégico,278,241,37
103,103,2021-01-21,Otros,1,0,1
104,104,2021-01-21,Salud,13589,4382,9207
105,105,2021-01-22,18 a 59 años CON Factores de R,7,6,1
106,106,2021-01-22,50 a 59 años SIN Factores de R,1,1,0
107,107,2021-01-22,60 o más años,98,87,11
108,108,2021-01-22,Estratégico,215,212,3
109,109,2021-01-22,Salud,8832,4670,4162
110,110,2021-01-23,60 o más años,47,42,5
111,111,2021-01-23,Estratégico,34,33,1
112,112,2021-01-23,Salud,3832,1020,2812
113,113,2021-01-24,60 o más años,4,4,0
114,114,2021-01-24,Estratégico,3,3,0
115,115,2021-01-24,Otros,3,2,1
116,116,2021-01-24,Salud,290,80,210
117,117,2021-01-25,18 a 59 años CON Factores de R,9,9,0
118,118,2021-01-25,60 o más años,214,201,13
119,119,2021-01-25,Estratégico,152,148,4
120,120,2021-01-25,Salud,13762,6738,7024
121,121,2021-01-26,18 a 39 años SIN Factores de R,1,0,1
122,122,2021-01-26,18 a 59 años CON Factores de R,30,18,12
123,123,2021-01-26,60 o más años,145,134,11
124,124,2021-01-26,Estratégico,176,155,21
125,125,2021-01-26,Salud,12320,4918,7402
126,126,2021-01-27,18 a 59 años CON Factores de R,28,23,5
127,127,2021-01-27,60 o más años,150,140,10
128,128,2021-01-27,Estratégico,146,136,10
129,129,2021-01-27,Salud,9722,3778,5944
130,130,2021-01-28,18 a 59 años CON Factores de R,13,9,4
131,131,2021-01-28,60 o más años,61,54,7
132,132,2021-01-28,Estratégico,69,49,20
133,133,2021-01-28,Otros,1,0,1
134,134,2021-01-28,Salud,15833,1315,14518
135,135,2021-01-29,18 a 59 años CON Factores de R,12,10,2
136,136,2021-01-29,60 o más años,94,69,25
137,137,2021-01-29,Estratégico,196,146,50
138,138,2021-01-29,Salud,23089,1230,21859
139,139,2021-01-30,60 o más años,27,24,3
140,140,2021-01-30,Estratégico,34,25,9
141,141,2021-01-30,Salud,9208,153,9055
142,142,2021-01-31,18 a 59 años CON Factores de R,1,1,0
143,143,2021-01-31,60 o más años,2,2,0
144,144,2021-01-31,Estratégico,1,0,1
145,145,2021-01-31,Salud,616,5,611
146,146,2021-02-01,18 a 59 años CON Factores de R,23,11,12
147,147,2021-02-01,60 o más años,125,101,24
148,148,2021-02-01,Estratégico,783,664,119
149,149,2021-02-01,Otros,2,2,0
150,150,2021-02-01,Salud,18463,1478,16985
151,151,2021-02-02,18 a 39 años SIN Factores de R,1,0,1
152,152,2021-02-02,18 a 59 años CON Factores de R,35,18,17
153,153,2021-02-02,40 a 49 años SIN Factores de R,1,0,1
154,154,2021-02-02,60 o más años,588,565,23
155,155,2021-02-02,Estratégico,387,342,45
156,156,2021-02-02,Salud,22729,4663,18066
157,157,2021-02-03,18 a 59 años CON Factores de R,31,23,8
158,158,2021-02-03,60 o más años,1111,1072,39
159,159,2021-02-03,Estratégico,186,161,25
160,160,2021-02-03,Salud,25132,9086,16046
161,161,2021-02-04,18 a 59 años CON Factores de R,216,201,15
162,162,2021-02-04,60 o más años,1420,1390,30
163,163,2021-02-04,Estratégico,267,221,46
164,164,2021-02-04,Otros,2,2,0
165,165,2021-02-04,Salud,26003,8427,17576
166,166,2021-02-05,18 a 39 años SIN Factores de R,1,1,0
167,167,2021-02-05,18 a 59 años CON Factores de R,213,181,32
168,168,2021-02-05,60 o más años,2456,2404,52
169,169,2021-02-05,Estratégico,256,209,47
170,170,2021-02-05,Salud,29774,10933,18841
171,171,2021-02-06,18 a 59 años CON Factores de R,29,25,4
172,172,2021-02-06,60 o más años,248,242,6
173,173,2021-02-06,Estratégico,96,61,35
174,174,2021-02-06,Salud,10487,2710,7777
175,175,2021-02-07,18 a 59 años CON Factores de R,3,3,0
176,176,2021-02-07,60 o más años,17,16,1
177,177,2021-02-07,Estratégico,36,3,33
178,178,2021-02-07,Otros,3,0,3
179,179,2021-02-07,Salud,1317,545,772
180,180,2021-02-08,18 a 59 años CON Factores de R,56,23,33
181,181,2021-02-08,60 o más años,1495,1453,42
182,182,2021-02-08,Estratégico,775,590,185
183,183,2021-02-08,Otros,1,0,1
184,184,2021-02-08,Salud,20927,14325,6602
185,185,2021-02-09,18 a 39 años SIN Factores de R,4,4,0
186,186,2021-02-09,18 a 59 años CON Factores de R,22,17,5
187,187,2021-02-09,60 o más años,1169,1118,51
188,188,2021-02-09,Estratégico,349,191,158
189,189,2021-02-09,Salud,18570,12893,5677
190,190,2021-02-10,18 a 59 años CON Factores de R,23,20,3
191,191,2021-02-10,60 o más años,593,555,38
192,192,2021-02-10,Estratégico,337,139,198
193,193,2021-02-10,Salud,14544,10224,4320
194,194,2021-02-11,18 a 59 años CON Factores de R,15,6,9
195,195,2021-02-11,60 o más años,217,149,68
196,196,2021-02-11,Estratégico,189,110,79
197,197,2021-02-11,Otros,1,1,0
198,198,2021-02-11,Salud,17285,4370,12915
199,199,2021-02-12,18 a 39 años SIN Factores de R,1,0,1
200,200,2021-02-12,18 a 59 años CON Factores de R,25,18,7
201,201,2021-02-12,60 o más años,357,314,43
202,202,2021-02-12,Estratégico,328,228,100
203,203,2021-02-12,Otros,1,0,1
204,204,2021-02-12,Salud,14899,3622,11277
205,205,2021-02-13,18 a 59 años CON Factores de R,6,2,4
206,206,2021-02-13,60 o más años,12,9,3
207,207,2021-02-13,Estratégico,48,6,42
208,208,2021-02-13,Salud,2892,318,2574
209,209,2021-02-14,18 a 59 años CON Factores de R,1,1,0
210,210,2021-02-14,40 a 49 años SIN Factores de R,1,1,0
211,211,2021-02-14,60 o más años,13,12,1
212,212,2021-02-14,Salud,134,4,130
213,213,2021-02-15,18 a 59 años CON Factores de R,7,7,0
214,214,2021-02-15,60 o más años,174,168,6
215,215,2021-02-15,Estratégico,48,39,9
216,216,2021-02-15,Salud,1052,856,196
217,217,2021-02-16,18 a 59 años CON Factores de R,9,9,0
218,218,2021-02-16,60 o más años,320,317,3
219,219,2021-02-16,Estratégico,37,29,8
220,220,2021-02-16,Salud,883,628,255
221,221,2021-02-17,18 a 59 años CON Factores de R,174,168,6
222,222,2021-02-17,60 o más años,4216,4138,78
223,223,2021-02-17,Estratégico,681,622,59
224,224,2021-02-17,Otros,3,0,3
225,225,2021-02-17,Salud,18885,14389,4496
226,226,2021-02-18,18 a 59 años CON Factores de R,483,419,64
227,227,2021-02-18,40 a 49 años SIN Factores de R,2,2,0
228,228,2021-02-18,50 a 59 años SIN Factores de R,2,2,0
229,229,2021-02-18,60 o más años,15962,15693,269
230,230,2021-02-18,Estratégico,3665,3332,333
231,231,2021-02-18,Otros,5,5,0
232,232,2021-02-18,Salud,42970,32212,10758
233,233,2021-02-19,18 a 39 años SIN Factores de R,4,4,0
234,234,2021-02-19,18 a 59 años CON Factores de R,500,484,16
235,235,2021-02-19,40 a 49 años SIN Factores de R,4,4,0
236,236,2021-02-19,50 a 59 años SIN Factores de R,3,3,0
237,237,2021-02-19,60 o más años,22079,21883,196
238,238,2021-02-19,Estratégico,3585,3354,231
239,239,2021-02-19,Salud,41273,34277,6996
240,240,2021-02-20,18 a 59 años CON Factores de R,106,103,3
241,241,2021-02-20,50 a 59 años SIN Factores de R,1,1,0
242,242,2021-02-20,60 o más años,14387,14338,49
243,243,2021-02-20,Estratégico,871,814,57
244,244,2021-02-20,Salud,17142,15719,1423
245,245,2021-02-21,18 a 59 años CON Factores de R,12,12,0
246,246,2021-02-21,60 o más años,12669,12669,0
247,247,2021-02-21,Estratégico,570,569,1
248,248,2021-02-21,Salud,6903,6869,34
249,249,2021-02-22,18 a 59 años CON Factores de R,285,285,0
250,250,2021-02-22,60 o más años,29773,29764,9
251,251,2021-02-22,Estratégico,8508,8469,39
252,252,2021-02-22,Otros,3,3,0
253,253,2021-02-22,Salud,28631,26999,1632
254,254,2021-02-23,18 a 39 años SIN Factores de R,4,4,0
255,255,2021-02-23,18 a 59 años CON Factores de R,411,410,1
256,256,2021-02-23,40 a 49 años SIN Factores de R,1,1,0
257,257,2021-02-23,50 a 59 años SIN Factores de R,4,4,0
258,258,2021-02-23,60 o más años,43530,43360,170
259,259,2021-02-23,Estratégico,9901,9885,16
260,260,2021-02-23,Otros,1,1,0
261,261,2021-02-23,Salud,32588,28728,3860
262,262,2021-02-24,18 a 39 años SIN Factores de R,1,1,0
263,263,2021-02-24,18 a 59 años CON Factores de R,602,599,3
264,264,2021-02-24,50 a 59 años SIN Factores de R,2,2,0
265,265,2021-02-24,60 o más años,50310,49841,469
266,266,2021-02-24,Estratégico,10651,10616,35
267,267,2021-02-24,Otros,18,18,0
268,268,2021-02-24,Salud,31475,25606,5869
269,269,2021-02-25,18 a 39 años SIN Factores de R,2,2,0
270,270,2021-02-25,18 a 59 años CON Factores de R,673,507,166
271,271,2021-02-25,50 a 59 años SIN Factores de R,1,0,1
272,272,2021-02-25,60 o más años,40296,39659,637
273,273,2021-02-25,Estratégico,5939,4862,1077
274,274,2021-02-25,Otros,32,32,0
275,275,2021-02-25,Salud,31810,22310,9500
276,276,2021-02-26,18 a 39 años SIN Factores de R,1,0,1
277,277,2021-02-26,18 a 59 años CON Factores de R,826,716,110
278,278,2021-02-26,60 o más años,44139,43197,942
279,279,2021-02-26,Estratégico,6528,6143,385
280,280,2021-02-26,Otros,22,21,1
281,281,2021-02-26,Salud,29385,20029,9356
282,282,2021-02-27,18 a 59 años CON Factores de R,504,504,0
283,283,2021-02-27,60 o más años,12326,12210,116
284,284,2021-02-27,Estratégico,450,354,96
285,285,2021-02-27,Salud,4428,2646,1782
286,286,2021-02-28,18 a 59 años CON Factores de R,33,33,0
287,287,2021-02-28,60 o más años,5164,5162,2
288,288,2021-02-28,Estratégico,29,21,8
289,289,2021-02-28,Otros,26,26,0
290,290,2021-02-28,Salud,811,515,296
291,291,2021-03-01,18 a 39 años SIN Factores de R,1,0,1
292,292,2021-03-01,18 a 59 años CON Factores de R,467,450,17
293,293,2021-03-01,60 o más años,37914,36708,1206
294,294,2021-03-01,Estratégico,8962,8874,88
295,295,2021-03-01,Otros,16,15,1
296,296,2021-03-01,Salud,26468,20836,5632
297,297,2021-03-02,18 a 59 años CON Factores de R,851,827,24
298,298,2021-03-02,40 a 49 años SIN Factores de R,1,1,0
299,299,2021-03-02,50 a 59 años SIN Factores de R,3,3,0
300,300,2021-03-02,60 o más años,38553,37307,1246
301,301,2021-03-02,Estratégico,12462,12368,94
302,302,2021-03-02,Otros,41,41,0
303,303,2021-03-02,Salud,23060,17377,5683
304,304,2021-03-03,18 a 39 años SIN Factores de R,5,3,2
305,305,2021-03-03,18 a 59 años CON Factores de R,2082,2078,4
306,306,2021-03-03,50 a 59 años SIN Factores de R,4,3,1
307,307,2021-03-03,60 o más años,26936,26044,892
308,308,2021-03-03,Estratégico,16366,16211,155
309,309,2021-03-03,Otros,48,48,0
310,310,2021-03-03,Salud,24973,19065,5908
311,311,2021-03-04,18 a 39 años SIN Factores de R,16,8,8
312,312,2021-03-04,18 a 59 años CON Factores de R,4912,4889,23
313,313,2021-03-04,40 a 49 años SIN Factores de R,7,4,3
314,314,2021-03-04,50 a 59 años SIN Factores de R,3,3,0
315,315,2021-03-04,60 o más años,25687,24983,704
316,316,2021-03-04,Estratégico,46201,45559,642
317,317,2021-03-04,Otros,5,5,0
318,318,2021-03-04,Salud,34240,22126,12114
319,319,2021-03-05,18 a 39 años SIN Factores de R,2,2,0
320,320,2021-03-05,18 a 59 años CON Factores de R,4894,4880,14
321,321,2021-03-05,40 a 49 años SIN Factores de R,3,3,0
322,322,2021-03-05,50 a 59 años SIN Factores de R,1,1,0
323,323,2021-03-05,60 o más años,25398,25046,352
324,324,2021-03-05,Estratégico,48862,48583,279
325,325,2021-03-05,Otros,3,3,0
326,326,2021-03-05,Salud,31483,19415,12068
327,327,2021-03-06,18 a 39 años SIN Factores de R,13,13,0
328,328,2021-03-06,18 a 59 años CON Factores de R,4360,4358,2
329,329,2021-03-06,40 a 49 años SIN Factores de R,6,6,0
330,330,2021-03-06,50 a 59 años SIN Factores de R,7,7,0
331,331,2021-03-06,60 o más años,7867,7825,42
332,332,2021-03-06,Estratégico,30107,30061,46
333,333,2021-03-06,Otros,1,1,0
334,334,2021-03-06,Salud,12444,8784,3660
335,335,2021-03-07,18 a 59 años CON Factores de R,326,323,3
336,336,2021-03-07,60 o más años,4992,4991,1
337,337,2021-03-07,Estratégico,3523,3515,8
338,338,2021-03-07,Otros,1,1,0
339,339,2021-03-07,Salud,2914,2858,56
340,340,2021-03-08,18 a 39 años SIN Factores de R,2,2,0
341,341,2021-03-08,18 a 59 años CON Factores de R,17344,17341,3
342,342,2021-03-08,40 a 49 años SIN Factores de R,3,3,0
343,343,2021-03-08,50 a 59 años SIN Factores de R,4,4,0
344,344,2021-03-08,60 o más años,34241,34060,181
345,345,2021-03-08,Estratégico,30890,30866,24
346,346,2021-03-08,Otros,19,19,0
347,347,2021-03-08,Salud,19228,17125,2103
348,348,2021-03-09,18 a 39 años SIN Factores de R,7,2,5
349,349,2021-03-09,18 a 59 años CON Factores de R,16609,16604,5
350,350,2021-03-09,40 a 49 años SIN Factores de R,10,9,1
351,351,2021-03-09,50 a 59 años SIN Factores de R,9,7,2
352,352,2021-03-09,60 o más años,41422,41069,353
353,353,2021-03-09,Estratégico,39331,39288,43
354,354,2021-03-09,Otros,46,46,0
355,355,2021-03-09,Salud,17586,15778,1808
356,356,2021-03-10,18 a 39 años SIN Factores de R,8,5,3
357,357,2021-03-10,18 a 59 años CON Factores de R,36407,36366,41
358,358,2021-03-10,40 a 49 años SIN Factores de R,6,4,2
359,359,2021-03-10,50 a 59 años SIN Factores de R,8,7,1
360,360,2021-03-10,60 o más años,49632,48474,1158
361,361,2021-03-10,Estratégico,48707,48585,122
362,362,2021-03-10,Otros,5,5,0
363,363,2021-03-10,Salud,27874,23312,4562
364,364,2021-03-11,18 a 39 años SIN Factores de R,8,8,0
365,365,2021-03-11,18 a 59 años CON Factores de R,39738,39615,123
366,366,2021-03-11,40 a 49 años SIN Factores de R,9,9,0
367,367,2021-03-11,50 a 59 años SIN Factores de R,15,14,1
368,368,2021-03-11,60 o más años,63319,53947,9372
369,369,2021-03-11,Estratégico,44466,41881,2585
370,370,2021-03-11,Otros,12,12,0
371,371,2021-03-11,Salud,37353,17344,20009
372,372,2021-03-12,18 a 39 años SIN Factores de R,9,8,1
373,373,2021-03-12,18 a 59 años CON Factores de R,30291,30052,239
374,374,2021-03-12,40 a 49 años SIN Factores de R,5,3,2
375,375,2021-03-12,50 a 59 años SIN Factores de R,10,6,4
376,376,2021-03-12,60 o más años,48685,33282,15403
377,377,2021-03-12,Estratégico,39910,37505,2405
378,378,2021-03-12,Otros,42,42,0
379,379,2021-03-12,Salud,41410,16472,24938
380,380,2021-03-13,18 a 39 años SIN Factores de R,2,1,1
381,381,2021-03-13,18 a 59 años CON Factores de R,1449,1389,60
382,382,2021-03-13,40 a 49 años SIN Factores de R,1,0,1
383,383,2021-03-13,60 o más años,19033,7226,11807
384,384,2021-03-13,Estratégico,6498,5523,975
385,385,2021-03-13,Salud,19054,4790,14264
386,386,2021-03-14,18 a 39 años SIN Factores de R,1,1,0
387,387,2021-03-14,18 a 59 años CON Factores de R,791,788,3
388,388,2021-03-14,40 a 49 años SIN Factores de R,1,1,0
389,389,2021-03-14,50 a 59 años SIN Factores de R,1,1,0
390,390,2021-03-14,60 o más años,997,714,283
391,391,2021-03-14,Estratégico,3908,3891,17
392,392,2021-03-14,Otros,24,24,0
393,393,2021-03-14,Salud,3415,2480,935
394,394,2021-03-15,18 a 39 años SIN Factores de R,11,11,0
395,395,2021-03-15,18 a 59 años CON Factores de R,4262,3829,433
396,396,2021-03-15,40 a 49 años SIN Factores de R,8,8,0
397,397,2021-03-15,50 a 59 años SIN Factores de R,10,10,0
398,398,2021-03-15,60 o más años,69236,61494,7742
399,399,2021-03-15,Estratégico,31177,30865,312
400,400,2021-03-15,Otros,66,62,4
401,401,2021-03-15,Salud,31159,11831,19328
402,402,2021-03-16,18 a 39 años SIN Factores de R,15,5,10
403,403,2021-03-16,18 a 59 años CON Factores de R,3052,2623,429
404,404,2021-03-16,40 a 49 años SIN Factores de R,3,0,3
405,405,2021-03-16,50 a 59 años SIN Factores de R,9,1,8
406,406,2021-03-16,60 o más años,77272,71566,5706
407,407,2021-03-16,Estratégico,26407,25892,515
408,408,2021-03-16,Otros,14,14,0
409,409,2021-03-16,Salud,25681,10991,14690
410,410,2021-03-17,18 a 39 años SIN Factores de R,8,8,0
411,411,2021-03-17,18 a 59 años CON Factores de R,4404,4236,168
412,412,2021-03-17,40 a 49 años SIN Factores de R,6,4,2
413,413,2021-03-17,50 a 59 años SIN Factores de R,6,6,0
414,414,2021-03-17,60 o más años,96885,92731,4154
415,415,2021-03-17,Estratégico,14190,13561,629
416,416,2021-03-17,Otros,7,7,0
417,417,2021-03-17,Salud,22868,10059,12809
418,418,2021-03-18,18 a 39 años SIN Factores de R,75,9,66
419,419,2021-03-18,18 a 59 años CON Factores de R,3862,3639,223
420,420,2021-03-18,40 a 49 años SIN Factores de R,47,12,35
421,421,2021-03-18,50 a 59 años SIN Factores de R,51,9,42
422,422,2021-03-18,60 o más años,86054,68987,17067
423,423,2021-03-18,Estratégico,13276,10549,2727
424,424,2021-03-18,Otros,7,7,0
425,425,2021-03-18,Salud,34596,11761,22835
426,426,2021-03-19,18 a 39 años SIN Factores de R,45,35,10
427,427,2021-03-19,18 a 59 años CON Factores de R,3918,3743,175
428,428,2021-03-19,40 a 49 años SIN Factores de R,20,15,5
429,429,2021-03-19,50 a 59 años SIN Factores de R,19,11,8
430,430,2021-03-19,60 o más años,70086,60443,9643
431,431,2021-03-19,Estratégico,18166,13081,5085
432,432,2021-03-19,Otros,4,0,4
433,433,2021-03-19,Salud,32833,12122,20711
434,434,2021-03-20,18 a 39 años SIN Factores de R,2,1,1
435,435,2021-03-20,18 a 59 años CON Factores de R,1503,1472,31
436,436,2021-03-20,40 a 49 años SIN Factores de R,1,0,1
437,437,2021-03-20,50 a 59 años SIN Factores de R,6,3,3
438,438,2021-03-20,60 o más años,33722,29553,4169
439,439,2021-03-20,Estratégico,2048,761,1287
440,440,2021-03-20,Otros,1,1,0
441,441,2021-03-20,Salud,13254,6110,7144
442,442,2021-03-21,18 a 39 años SIN Factores de R,2,0,2
443,443,2021-03-21,18 a 59 años CON Factores de R,149,149,0
444,444,2021-03-21,40 a 49 años SIN Factores de R,4,0,4
445,445,2021-03-21,50 a 59 años SIN Factores de R,3,0,3
446,446,2021-03-21,60 o más años,12861,12578,283
447,447,2021-03-21,Estratégico,67,64,3
448,448,2021-03-21,Otros,76,76,0
449,449,2021-03-21,Salud,6378,5382,996
450,450,2021-03-22,18 a 39 años SIN Factores de R,2,2,0
451,451,2021-03-22,18 a 59 años CON Factores de R,3647,3591,56
452,452,2021-03-22,40 a 49 años SIN Factores de R,3,3,0
453,453,2021-03-22,50 a 59 años SIN Factores de R,2,2,0
454,454,2021-03-22,60 o más años,46096,44682,1414
455,455,2021-03-22,Estratégico,13598,11051,2547
456,456,2021-03-22,Otros,61,61,0
457,457,2021-03-22,Salud,18790,10272,8518
458,458,2021-03-23,18 a 39 años SIN Factores de R,29,10,19
459,459,2021-03-23,18 a 59 años CON Factores de R,4112,4099,13
460,460,2021-03-23,40 a 49 años SIN Factores de R,22,8,14
461,461,2021-03-23,50 a 59 años SIN Factores de R,30,13,17
462,462,2021-03-23,60 o más años,76312,73800,2512
463,463,2021-03-23,Estratégico,8809,6841,1968
464,464,2021-03-23,Otros,72,72,0
465,465,2021-03-23,Salud,15852,8356,7496
466,466,2021-03-24,18 a 59 años CON Factores de R,2164,2162,2
467,467,2021-03-24,40 a 49 años SIN Factores de R,1,1,0
468,468,2021-03-24,50 a 59 años SIN Factores de R,1,1,0
469,469,2021-03-24,60 o más años,31358,30794,564
470,470,2021-03-24,Estratégico,911,883,28
471,471,2021-03-24,Otros,22,22,0
472,472,2021-03-24,Salud,2602,2076,526
473,473,2021-03-25,18 a 39 años SIN Factores de R,6,4,2
474,474,2021-03-25,18 a 59 años CON Factores de R,2875,2774,101
475,475,2021-03-25,40 a 49 años SIN Factores de R,5,5,0
476,476,2021-03-25,50 a 59 años SIN Factores de R,9,8,1
477,477,2021-03-25,60 o más años,76812,73021,3791
478,478,2021-03-25,Estratégico,6276,5173,1103
479,479,2021-03-25,Otros,12,12,0
480,480,2021-03-25,Salud,16345,6221,10124
481,481,2021-03-26,18 a 39 años SIN Factores de R,15,10,5
482,482,2021-03-26,18 a 59 años CON Factores de R,2195,2126,69
483,483,2021-03-26,40 a 49 años SIN Factores de R,5,3,2
484,484,2021-03-26,50 a 59 años SIN Factores de R,6,4,2
485,485,2021-03-26,60 o más años,72301,70408,1893
486,486,2021-03-26,Estratégico,5195,4696,499
487,487,2021-03-26,Salud,13012,5317,7695
488,488,2021-03-27,18 a 39 años SIN Factores de R,2,2,0
489,489,2021-03-27,18 a 59 años CON Factores de R,1442,1390,52
490,490,2021-03-27,40 a 49 años SIN Factores de R,3,3,0
491,491,2021-03-27,50 a 59 años SIN Factores de R,1,1,0
492,492,2021-03-27,60 o más años,49426,48365,1061
493,493,2021-03-27,Estratégico,927,690,237
494,494,2021-03-27,Salud,2930,1193,1737
495,495,2021-03-28,18 a 39 años SIN Factores de R,1,1,0
496,496,2021-03-28,18 a 59 años CON Factores de R,187,187,0
497,497,2021-03-28,40 a 49 años SIN Factores de R,1,1,0
498,498,2021-03-28,50 a 59 años SIN Factores de R,3,3,0
499,499,2021-03-28,60 o más años,20011,19997,14
500,500,2021-03-28,Estratégico,144,144,0
501,501,2021-03-28,Otros,28,28,0
502,502,2021-03-28,Salud,239,211,28
503,503,2021-03-29,18 a 39 años SIN Factores de R,21,21,0
504,504,2021-03-29,18 a 59 años CON Factores de R,2609,2561,48
505,505,2021-03-29,40 a 49 años SIN Factores de R,19,19,0
506,506,2021-03-29,50 a 59 años SIN Factores de R,26,26,0
507,507,2021-03-29,60 o más años,98828,98082,746
508,508,2021-03-29,Estratégico,4885,4734,151
509,509,2021-03-29,Otros,166,166,0
510,510,2021-03-29,Salud,12541,8915,3626
511,511,2021-03-30,18 a 39 años SIN Factores de R,20,20,0
512,512,2021-03-30,18 a 59 años CON Factores de R,2564,2527,37
513,513,2021-03-30,40 a 49 años SIN Factores de R,19,19,0
514,514,2021-03-30,50 a 59 años SIN Factores de R,19,19,0
515,515,2021-03-30,60 o más años,137136,135514,1622
516,516,2021-03-30,Estratégico,6373,6314,59
517,517,2021-03-30,Otros,86,86,0
518,518,2021-03-30,Salud,15220,11782,3438
519,519,2021-03-31,18 a 39 años SIN Factores de R,27,26,1
520,520,2021-03-31,18 a 59 años CON Factores de R,4428,4369,59
521,521,2021-03-31,40 a 49 años SIN Factores de R,12,12,0
522,522,2021-03-31,50 a 59 años SIN Factores de R,22,21,1
523,523,2021-03-31,60 o más años,144176,143311,865
524,524,2021-03-31,Estratégico,6456,6406,50
525,525,2021-03-31,Otros,54,54,0
526,526,2021-03-31,Salud,17908,14191,3717
527,527,2021-04-01,18 a 39 años SIN Factores de R,15,10,5
528,528,2021-04-01,18 a 59 años CON Factores de R,1925,1918,7
529,529,2021-04-01,40 a 49 años SIN Factores de R,4,2,2
530,530,2021-04-01,50 a 59 años SIN Factores de R,11,9,2
531,531,2021-04-01,60 o más años,101524,100652,872
532,532,2021-04-01,Estratégico,1202,1169,33
533,533,2021-04-01,Otros,6,6,0
534,534,2021-04-01,Salud,11634,10509,1125
535,535,2021-04-02,18 a 39 años SIN Factores de R,10,4,6
536,536,2021-04-02,18 a 59 años CON Factores de R,488,486,2
537,537,2021-04-02,50 a 59 años SIN Factores de R,10,9,1
538,538,2021-04-02,60 o más años,63156,62376,780
539,539,2021-04-02,Estratégico,245,213,32
540,540,2021-04-02,Otros,4,4,0
541,541,2021-04-02,Salud,3848,3705,143
542,542,2021-04-03,18 a 39 años SIN Factores de R,3,3,0
543,543,2021-04-03,18 a 59 años CON Factores de R,410,407,3
544,544,2021-04-03,50 a 59 años SIN Factores de R,4,4,0
545,545,2021-04-03,60 o más años,71113,71045,68
546,546,2021-04-03,Estratégico,464,421,43
547,547,2021-04-03,Otros,54,54,0
548,548,2021-04-03,Salud,2016,1626,390
549,549,2021-04-04,18 a 39 años SIN Factores de R,6,6,0
550,550,2021-04-04,18 a 59 años CON Factores de R,133,133,0
551,551,2021-04-04,40 a 49 años SIN Factores de R,5,5,0
552,552,2021-04-04,60 o más años,46897,46890,7
553,553,2021-04-04,Estratégico,432,425,7
554,554,2021-04-04,Otros,54,54,0
555,555,2021-04-04,Salud,637,594,43
556,556,2021-04-05,18 a 39 años SIN Factores de R,45,45,0
557,557,2021-04-05,18 a 59 años CON Factores de R,2394,2278,116
558,558,2021-04-05,40 a 49 años SIN Factores de R,19,19,0
559,559,2021-04-05,50 a 59 años SIN Factores de R,26,26,0
560,560,2021-04-05,60 o más años,139852,134586,5266
561,561,2021-04-05,Estratégico,7794,7707,87
562,562,2021-04-05,Otros,106,106,0
563,563,2021-04-05,Salud,14107,10225,3882
564,564,2021-04-06,18 a 39 años SIN Factores de R,23,23,0
565,565,2021-04-06,18 a 59 años CON Factores de R,4938,4685,253
566,566,2021-04-06,40 a 49 años SIN Factores de R,23,23,0
567,567,2021-04-06,50 a 59 años SIN Factores de R,22,22,0
568,568,2021-04-06,60 o más años,166089,162535,3554
569,569,2021-04-06,Estratégico,9982,9664,318
570,570,2021-04-06,Otros,16,16,0
571,571,2021-04-06,Salud,11143,7348,3795
572,572,2021-04-07,18 a 39 años SIN Factores de R,30,30,0
573,573,2021-04-07,18 a 59 años CON Factores de R,8376,7916,460
574,574,2021-04-07,40 a 49 años SIN Factores de R,36,36,0
575,575,2021-04-07,50 a 59 años SIN Factores de R,34,34,0
576,576,2021-04-07,60 o más años,192222,190089,2133
577,577,2021-04-07,Estratégico,9486,9358,128
578,578,2021-04-07,Otros,7,7,0
579,579,2021-04-07,Salud,26747,23159,3588
580,580,2021-04-08,18 a 39 años SIN Factores de R,48,48,0
581,581,2021-04-08,18 a 59 años CON Factores de R,6922,6844,78
582,582,2021-04-08,40 a 49 años SIN Factores de R,25,25,0
583,583,2021-04-08,50 a 59 años SIN Factores de R,31,31,0
584,584,2021-04-08,60 o más años,199213,197875,1338
585,585,2021-04-08,Estratégico,9085,8958,127
586,586,2021-04-08,Otros,8,8,0
587,587,2021-04-08,Salud,18883,15760,3123
588,588,2021-04-09,18 a 39 años SIN Factores de R,60,25,35
589,589,2021-04-09,18 a 59 años CON Factores de R,7464,7221,243
590,590,2021-04-09,40 a 49 años SIN Factores de R,33,18,15
591,591,2021-04-09,50 a 59 años SIN Factores de R,55,21,34
592,592,2021-04-09,60 o más años,202912,195914,6998
593,593,2021-04-09,Estratégico,8770,8637,133
594,594,2021-04-09,Otros,10,10,0
595,595,2021-04-09,Salud,19341,14903,4438
596,596,2021-04-10,18 a 39 años SIN Factores de R,6,3,3
597,597,2021-04-10,18 a 59 años CON Factores de R,2181,2062,119
598,598,2021-04-10,40 a 49 años SIN Factores de R,6,4,2
599,599,2021-04-10,50 a 59 años SIN Factores de R,10,7,3
600,600,2021-04-10,60 o más años,77427,75297,2130
601,601,2021-04-10,Estratégico,2041,1795,246
602,602,2021-04-10,Otros,1,1,0
603,603,2021-04-10,Salud,10587,7824,2763
604,604,2021-04-11,18 a 39 años SIN Factores de R,40,40,0
605,605,2021-04-11,18 a 59 años CON Factores de R,405,396,9
606,606,2021-04-11,40 a 49 años SIN Factores de R,27,27,0
607,607,2021-04-11,50 a 59 años SIN Factores de R,25,25,0
608,608,2021-04-11,60 o más años,44497,44366,131
609,609,2021-04-11,Estratégico,633,609,24
610,610,2021-04-11,Otros,9,9,0
611,611,2021-04-11,Salud,2441,1111,1330
612,612,2021-04-12,18 a 39 años SIN Factores de R,29,29,0
613,613,2021-04-12,18 a 59 años CON Factores de R,4079,4022,57
614,614,2021-04-12,40 a 49 años SIN Factores de R,28,28,0
615,615,2021-04-12,50 a 59 años SIN Factores de R,45,44,1
616,616,2021-04-12,60 o más años,156227,151589,4638
617,617,2021-04-12,Estratégico,7041,6947,94
618,618,2021-04-12,Otros,18,18,0
619,619,2021-04-12,Salud,11813,8420,3393
620,620,2021-04-13,18 a 39 años SIN Factores de R,45,33,12
621,621,2021-04-13,18 a 59 años CON Factores de R,4506,4454,52
622,622,2021-04-13,40 a 49 años SIN Factores de R,28,18,10
623,623,2021-04-13,50 a 59 años SIN Factores de R,38,31,7
624,624,2021-04-13,60 o más años,157150,141822,15328
625,625,2021-04-13,Estratégico,7025,6931,94
626,626,2021-04-13,Otros,26,26,0
627,627,2021-04-13,Salud,15767,7178,8589
628,628,2021-04-14,18 a 39 años SIN Factores de R,29,19,10
629,629,2021-04-14,18 a 59 años CON Factores de R,6266,5717,549
630,630,2021-04-14,40 a 49 años SIN Factores de R,24,18,6
631,631,2021-04-14,50 a 59 años SIN Factores de R,46,27,19
632,632,2021-04-14,60 o más años,147277,138473,8804
633,633,2021-04-14,Estratégico,6336,6027,309
634,634,2021-04-14,Otros,20,20,0
635,635,2021-04-14,Salud,10265,5361,4904
636,636,2021-04-15,18 a 39 años SIN Factores de R,47,42,5
637,637,2021-04-15,18 a 59 años CON Factores de R,4211,3829,382
638,638,2021-04-15,40 a 49 años SIN Factores de R,34,29,5
639,639,2021-04-15,50 a 59 años SIN Factores de R,52,46,6
640,640,2021-04-15,60 o más años,129560,116890,12670
641,641,2021-04-15,Estratégico,4725,4568,157
642,642,2021-04-15,Otros,10,9,1
643,643,2021-04-15,Salud,10665,3324,7341
644,644,2021-04-16,18 a 39 años SIN Factores de R,46,38,8
645,645,2021-04-16,18 a 59 años CON Factores de R,4517,4465,52
646,646,2021-04-16,40 a 49 años SIN Factores de R,25,23,2
647,647,2021-04-16,50 a 59 años SIN Factores de R,33,29,4
648,648,2021-04-16,60 o más años,105231,101175,4056
649,649,2021-04-16,Estratégico,5217,4974,243
650,650,2021-04-16,Otros,7,7,0
651,651,2021-04-16,Salud,7287,3763,3524
652,652,2021-04-17,18 a 39 años SIN Factores de R,1,0,1
653,653,2021-04-17,18 a 59 años CON Factores de R,1590,1357,233
654,654,2021-04-17,40 a 49 años SIN Factores de R,2,0,2
655,655,2021-04-17,50 a 59 años SIN Factores de R,6,5,1
656,656,2021-04-17,60 o más años,38475,34951,3524
657,657,2021-04-17,Estratégico,2223,2088,135
658,658,2021-04-17,Otros,2,1,1
659,659,2021-04-17,Salud,2715,1575,1140
660,660,2021-04-18,18 a 59 años CON Factores de R,259,258,1
661,661,2021-04-18,40 a 49 años SIN Factores de R,4,4,0
662,662,2021-04-18,50 a 59 años SIN Factores de R,3,2,1
663,663,2021-04-18,60 o más años,18448,18359,89
664,664,2021-04-18,Estratégico,85,82,3
665,665,2021-04-18,Otros,5,5,0
666,666,2021-04-18,Salud,955,936,19
667,667,2021-04-19,18 a 39 años SIN Factores de R,84,83,1
668,668,2021-04-19,18 a 59 años CON Factores de R,3335,2981,354
669,669,2021-04-19,40 a 49 años SIN Factores de R,40,39,1
670,670,2021-04-19,50 a 59 años SIN Factores de R,55,52,3
671,671,2021-04-19,60 o más años,78352,67275,11077
672,672,2021-04-19,Estratégico,2367,2205,162
673,673,2021-04-19,Otros,11,9,2
674,674,2021-04-19,Salud,4907,2772,2135
675,675,2021-04-20,18 a 39 años SIN Factores de R,50,50,0
676,676,2021-04-20,18 a 59 años CON Factores de R,7089,6610,479
677,677,2021-04-20,40 a 49 años SIN Factores de R,41,40,1
678,678,2021-04-20,50 a 59 años SIN Factores de R,45,45,0
679,679,2021-04-20,60 o más años,99354,92705,6649
680,680,2021-04-20,Estratégico,3365,3214,151
681,681,2021-04-20,Otros,146,30,116
682,682,2021-04-20,Salud,11066,3110,7956
683,683,2021-04-21,18 a 39 años SIN Factores de R,30,26,4
684,684,2021-04-21,18 a 59 años CON Factores de R,11031,10462,569
685,685,2021-04-21,40 a 49 años SIN Factores de R,32,29,3
686,686,2021-04-21,50 a 59 años SIN Factores de R,69,66,3
687,687,2021-04-21,60 o más años,146223,136236,9987
688,688,2021-04-21,Estratégico,5284,5163,121
689,689,2021-04-21,Otros,1047,972,75
690,690,2021-04-21,Salud,7947,4326,3621
691,691,2021-04-22,18 a 39 años SIN Factores de R,32,24,8
692,692,2021-04-22,18 a 59 años CON Factores de R,11429,10761,668
693,693,2021-04-22,40 a 49 años SIN Factores de R,26,20,6
694,694,2021-04-22,50 a 59 años SIN Factores de R,60,54,6
695,695,2021-04-22,60 o más años,148751,141095,7656
696,696,2021-04-22,Estratégico,4587,4440,147
697,697,2021-04-22,Otros,232,32,200
698,698,2021-04-22,Salud,11256,6718,4538
699,699,2021-04-23,18 a 39 años SIN Factores de R,70,58,12
700,700,2021-04-23,18 a 59 años CON Factores de R,15300,14891,409
701,701,2021-04-23,40 a 49 años SIN Factores de R,43,26,17
702,702,2021-04-23,50 a 59 años SIN Factores de R,97,78,19
703,703,2021-04-23,60 o más años,113093,105690,7403
704,704,2021-04-23,Estratégico,8934,8722,212
705,705,2021-04-23,Otros,28,28,0
706,706,2021-04-23,Salud,55453,51395,4058
707,707,2021-04-24,18 a 39 años SIN Factores de R,26,24,2
708,708,2021-04-24,18 a 59 años CON Factores de R,11046,11016,30
709,709,2021-04-24,40 a 49 años SIN Factores de R,13,13,0
710,710,2021-04-24,50 a 59 años SIN Factores de R,64,61,3
711,711,2021-04-24,60 o más años,33848,32977,871
712,712,2021-04-24,Estratégico,2607,2552,55
713,713,2021-04-24,Otros,2990,2990,0
714,714,2021-04-24,Salud,41076,40758,318
715,715,2021-04-25,18 a 39 años SIN Factores de R,11,6,5
716,716,2021-04-25,18 a 59 años CON Factores de R,2872,2859,13
717,717,2021-04-25,40 a 49 años SIN Factores de R,9,4,5
718,718,2021-04-25,50 a 59 años SIN Factores de R,25,22,3
719,719,2021-04-25,60 o más años,16252,16170,82
720,720,2021-04-25,Estratégico,365,353,12
721,721,2021-04-25,Otros,5,5,0
722,722,2021-04-25,Salud,29536,29518,18
723,723,2021-04-26,18 a 39 años SIN Factores de R,46,44,2
724,724,2021-04-26,18 a 59 años CON Factores de R,21101,20711,390
725,725,2021-04-26,40 a 49 años SIN Factores de R,26,26,0
726,726,2021-04-26,50 a 59 años SIN Factores de R,93,92,1
727,727,2021-04-26,60 o más años,102975,99650,3325
728,728,2021-04-26,Estratégico,5797,5636,161
729,729,2021-04-26,Otros,12,12,0
730,730,2021-04-26,Salud,40530,38563,1967
731,731,2021-04-27,18 a 39 años SIN Factores de R,39,35,4
732,732,2021-04-27,18 a 59 años CON Factores de R,29058,28654,404
733,733,2021-04-27,40 a 49 años SIN Factores de R,42,35,7
734,734,2021-04-27,50 a 59 años SIN Factores de R,119,115,4
735,735,2021-04-27,60 o más años,84082,81448,2634
736,736,2021-04-27,Estratégico,7404,7263,141
737,737,2021-04-27,Otros,13,13,0
738,738,2021-04-27,Salud,31415,29633,1782
739,739,2021-04-28,18 a 39 años SIN Factores de R,75,51,24
740,740,2021-04-28,18 a 59 años CON Factores de R,27065,26652,413
741,741,2021-04-28,40 a 49 años SIN Factores de R,66,49,17
742,742,2021-04-28,50 a 59 años SIN Factores de R,312,304,8
743,743,2021-04-28,60 o más años,79617,76911,2706
744,744,2021-04-28,Estratégico,8427,7878,549
745,745,2021-04-28,Otros,366,365,1
746,746,2021-04-28,Salud,41143,21751,19392
747,747,2021-04-29,18 a 39 años SIN Factores de R,41,22,19
748,748,2021-04-29,18 a 59 años CON Factores de R,33364,28990,4374
749,749,2021-04-29,40 a 49 años SIN Factores de R,43,36,7
750,750,2021-04-29,50 a 59 años SIN Factores de R,147,134,13
751,751,2021-04-29,60 o más años,72396,70024,2372
752,752,2021-04-29,Estratégico,13622,6335,7287
753,753,2021-04-29,Otros,20,18,2
754,754,2021-04-29,Salud,35109,15911,19198
755,755,2021-04-30,18 a 39 años SIN Factores de R,55,47,8
756,756,2021-04-30,18 a 59 años CON Factores de R,26912,21854,5058
757,757,2021-04-30,40 a 49 años SIN Factores de R,35,29,6
758,758,2021-04-30,50 a 59 años SIN Factores de R,195,184,11
759,759,2021-04-30,60 o más años,51157,45153,6004
760,760,2021-04-30,Estratégico,17936,4494,13442
761,761,2021-04-30,Otros,45,45,0
762,762,2021-04-30,Salud,17213,9452,7761
763,763,2021-05-01,18 a 39 años SIN Factores de R,3,3,0
764,764,2021-05-01,18 a 59 años CON Factores de R,2311,1522,789
765,765,2021-05-01,40 a 49 años SIN Factores de R,1,1,0
766,766,2021-05-01,50 a 59 años SIN Factores de R,2,2,0
767,767,2021-05-01,60 o más años,11128,10085,1043
768,768,2021-05-01,Estratégico,1287,603,684
769,769,2021-05-01,Otros,5,4,1
770,770,2021-05-01,Salud,5253,4379,874
771,771,2021-05-02,18 a 39 años SIN Factores de R,4,3,1
772,772,2021-05-02,18 a 59 años CON Factores de R,3779,3574,205
773,773,2021-05-02,40 a 49 años SIN Factores de R,1,1,0
774,774,2021-05-02,50 a 59 años SIN Factores de R,2,2,0
775,775,2021-05-02,60 o más años,18888,15405,3483
776,776,2021-05-02,Estratégico,1730,1670,60
777,777,2021-05-02,Otros,4,3,1
778,778,2021-05-02,Salud,15570,5342,10228
779,779,2021-05-03,18 a 39 años SIN Factores de R,15,10,5
780,780,2021-05-03,18 a 59 años CON Factores de R,24048,21332,2716
781,781,2021-05-03,40 a 49 años SIN Factores de R,40,28,12
782,782,2021-05-03,50 a 59 años SIN Factores de R,110,99,11
783,783,2021-05-03,60 o más años,100219,60850,39369
784,784,2021-05-03,Estratégico,25542,5059,20483
785,785,2021-05-03,Otros,58,58,0
786,786,2021-05-03,Salud,22593,9160,13433
787,787,2021-05-04,18 a 39 años SIN Factores de R,51,49,2
788,788,2021-05-04,18 a 59 años CON Factores de R,42432,37830,4602
789,789,2021-05-04,40 a 49 años SIN Factores de R,54,45,9
790,790,2021-05-04,50 a 59 años SIN Factores de R,105,94,11
791,791,2021-05-04,60 o más años,128142,78431,49711
792,792,2021-05-04,Estratégico,34355,7148,27207
793,793,2021-05-04,Otros,3804,3801,3
794,794,2021-05-04,Salud,20251,7662,12589
795,795,2021-05-05,18 a 39 años SIN Factores de R,93,83,10
796,796,2021-05-05,18 a 59 años CON Factores de R,56040,52980,3060
797,797,2021-05-05,40 a 49 años SIN Factores de R,100,87,13
798,798,2021-05-05,50 a 59 años SIN Factores de R,142,130,12
799,799,2021-05-05,60 o más años,132757,90144,42613
800,800,2021-05-05,Estratégico,31966,8749,23217
801,801,2021-05-05,Otros,13,13,0
802,802,2021-05-05,Salud,19813,10070,9743
803,803,2021-05-06,18 a 39 años SIN Factores de R,57,39,18
804,804,2021-05-06,18 a 59 años CON Factores de R,47391,43834,3557
805,805,2021-05-06,40 a 49 años SIN Factores de R,53,42,11
806,806,2021-05-06,50 a 59 años SIN Factores de R,310,301,9
807,807,2021-05-06,60 o más años,101766,73293,28473
808,808,2021-05-06,Estratégico,34409,13006,21403
809,809,2021-05-06,Otros,158,155,3
810,810,2021-05-06,Salud,16097,6125,9972
811,811,2021-05-07,18 a 39 años SIN Factores de R,127,69,58
812,812,2021-05-07,18 a 59 años CON Factores de R,44875,40276,4599
813,813,2021-05-07,40 a 49 años SIN Factores de R,145,91,54
814,814,2021-05-07,50 a 59 años SIN Factores de R,206,155,51
815,815,2021-05-07,60 o más años,107245,52300,54945
816,816,2021-05-07,Estratégico,30841,9639,21202
817,817,2021-05-07,Otros,64,60,4
818,818,2021-05-07,Salud,18712,5077,13635
819,819,2021-05-08,18 a 39 años SIN Factores de R,9,9,0
820,820,2021-05-08,18 a 59 años CON Factores de R,11969,10282,1687
821,821,2021-05-08,40 a 49 años SIN Factores de R,6,6,0
822,822,2021-05-08,50 a 59 años SIN Factores de R,37,35,2
823,823,2021-05-08,60 o más años,33328,17521,15807
824,824,2021-05-08,Estratégico,22135,2993,19142
825,825,2021-05-08,Otros,16,16,0
826,826,2021-05-08,Salud,5828,1119,4709
827,827,2021-05-09,18 a 39 años SIN Factores de R,1,1,0
828,828,2021-05-09,18 a 59 años CON Factores de R,5369,5241,128
829,829,2021-05-09,40 a 49 años SIN Factores de R,4,4,0
830,830,2021-05-09,50 a 59 años SIN Factores de R,2,1,1
831,831,2021-05-09,60 o más años,10583,8700,1883
832,832,2021-05-09,Estratégico,719,552,167
833,833,2021-05-09,Salud,1627,936,691
834,834,2021-05-10,18 a 39 años SIN Factores de R,70,52,18
835,835,2021-05-10,18 a 59 años CON Factores de R,32165,27531,4634
836,836,2021-05-10,40 a 49 años SIN Factores de R,76,69,7
837,837,2021-05-10,50 a 59 años SIN Factores de R,125,114,11
838,838,2021-05-10,60 o más años,72660,39957,32703
839,839,2021-05-10,Estratégico,27497,5791,21706
840,840,2021-05-10,Otros,7,5,2
841,841,2021-05-10,Salud,6805,2720,4085
842,842,2021-05-11,18 a 39 años SIN Factores de R,62,33,29
843,843,2021-05-11,18 a 59 años CON Factores de R,33426,28488,4938
844,844,2021-05-11,40 a 49 años SIN Factores de R,108,87,21
845,845,2021-05-11,50 a 59 años SIN Factores de R,103,79,24
846,846,2021-05-11,60 o más años,68082,38814,29268
847,847,2021-05-11,Estratégico,28686,5024,23662
848,848,2021-05-11,Otros,13,11,2
849,849,2021-05-11,Salud,6904,2246,4658
850,850,2021-05-12,18 a 39 años SIN Factores de R,199,73,126
851,851,2021-05-12,18 a 59 años CON Factores de R,36166,21310,14856
852,852,2021-05-12,40 a 49 años SIN Factores de R,159,51,108
853,853,2021-05-12,50 a 59 años SIN Factores de R,185,46,139
854,854,2021-05-12,60 o más años,117422,24585,92837
855,855,2021-05-12,Estratégico,30667,3908,26759
856,856,2021-05-12,Otros,61,60,1
857,857,2021-05-12,Salud,9958,1491,8467
858,858,2021-05-13,18 a 39 años SIN Factores de R,121,31,90
859,859,2021-05-13,18 a 59 años CON Factores de R,33834,15855,17979
860,860,2021-05-13,40 a 49 años SIN Factores de R,104,41,63
861,861,2021-05-13,50 a 59 años SIN Factores de R,168,69,99
862,862,2021-05-13,60 o más años,111805,15485,96320
863,863,2021-05-13,Estratégico,33407,3703,29704
864,864,2021-05-13,Otros,7,3,4
865,865,2021-05-13,Salud,10341,1731,8610
866,866,2021-05-14,18 a 39 años SIN Factores de R,200,42,158
867,867,2021-05-14,18 a 59 años CON Factores de R,38926,16704,22222
868,868,2021-05-14,40 a 49 años SIN Factores de R,132,43,89
869,869,2021-05-14,50 a 59 años SIN Factores de R,129,34,95
870,870,2021-05-14,60 o más años,107668,15431,92237
871,871,2021-05-14,Estratégico,35317,4764,30553
872,872,2021-05-14,Otros,13,9,4
873,873,2021-05-14,Salud,11307,2630,8677
874,874,2021-05-15,18 a 39 años SIN Factores de R,12,10,2
875,875,2021-05-15,18 a 59 años CON Factores de R,22766,11931,10835
876,876,2021-05-15,40 a 49 años SIN Factores de R,10,10,0
877,877,2021-05-15,50 a 59 años SIN Factores de R,25,19,6
878,878,2021-05-15,60 o más años,38372,24213,14159
879,879,2021-05-15,Estratégico,25241,6442,18799
880,880,2021-05-15,Otros,4,4,0
881,881,2021-05-15,Salud,7592,1409,6183
882,882,2021-05-16,18 a 39 años SIN Factores de R,9,7,2
883,883,2021-05-16,18 a 59 años CON Factores de R,23103,11316,11787
884,884,2021-05-16,40 a 49 años SIN Factores de R,15,12,3
885,885,2021-05-16,50 a 59 años SIN Factores de R,11,9,2
886,886,2021-05-16,60 o más años,17070,5615,11455
887,887,2021-05-16,Estratégico,21443,3376,18067
888,888,2021-05-16,Otros,2,1,1
889,889,2021-05-16,Salud,5460,3643,1817
890,890,2021-05-17,18 a 39 años SIN Factores de R,196,53,143
891,891,2021-05-17,18 a 59 años CON Factores de R,58674,37690,20984
892,892,2021-05-17,40 a 49 años SIN Factores de R,138,60,78
893,893,2021-05-17,50 a 59 años SIN Factores de R,140,70,70
894,894,2021-05-17,60 o más años,77161,40913,36248
895,895,2021-05-17,Estratégico,39640,6456,33184
896,896,2021-05-17,Otros,12,9,3
897,897,2021-05-17,Salud,8672,3547,5125
898,898,2021-05-18,18 a 39 años SIN Factores de R,151,50,101
899,899,2021-05-18,18 a 59 años CON Factores de R,82151,76515,5636
900,900,2021-05-18,40 a 49 años SIN Factores de R,162,91,71
901,901,2021-05-18,50 a 59 años SIN Factores de R,249,147,102
902,902,2021-05-18,60 o más años,82918,59255,23663
903,903,2021-05-18,Estratégico,18848,7757,11091
904,904,2021-05-18,Otros,4262,4256,6
905,905,2021-05-18,Salud,6599,4378,2221
906,906,2021-05-19,18 a 39 años SIN Factores de R,139,42,97
907,907,2021-05-19,18 a 59 años CON Factores de R,81741,78126,3615
908,908,2021-05-19,40 a 49 años SIN Factores de R,129,60,69
909,909,2021-05-19,50 a 59 años SIN Factores de R,278,204,74
910,910,2021-05-19,60 o más años,59826,39214,20612
911,911,2021-05-19,Estratégico,15756,7654,8102
912,912,2021-05-19,Otros,729,727,2
913,913,2021-05-19,Salud,6337,3569,2768
914,914,2021-05-20,18 a 39 años SIN Factores de R,247,170,77
915,915,2021-05-20,18 a 59 años CON Factores de R,85850,82314,3536
916,916,2021-05-20,40 a 49 años SIN Factores de R,197,135,62
917,917,2021-05-20,50 a 59 años SIN Factores de R,367,307,60
918,918,2021-05-20,60 o más años,69752,42978,26774
919,919,2021-05-20,Estratégico,16239,8532,7707
920,920,2021-05-20,Otros,502,496,6
921,921,2021-05-20,Salud,6303,3639,2664
922,922,2021-05-21,18 a 39 años SIN Factores de R,294,187,107
923,923,2021-05-21,18 a 59 años CON Factores de R,67158,55052,12106
924,924,2021-05-21,40 a 49 años SIN Factores de R,326,256,70
925,925,2021-05-21,50 a 59 años SIN Factores de R,502,420,82
926,926,2021-05-21,60 o más años,54084,18633,35451
927,927,2021-05-21,Estratégico,42648,11210,31438
928,928,2021-05-21,Otros,481,475,6
929,929,2021-05-21,Salud,9316,4001,5315
930,930,2021-05-22,18 a 39 años SIN Factores de R,18,13,5
931,931,2021-05-22,18 a 59 años CON Factores de R,32157,22036,10121
932,932,2021-05-22,40 a 49 años SIN Factores de R,72,69,3
933,933,2021-05-22,50 a 59 años SIN Factores de R,65,62,3
934,934,2021-05-22,60 o más años,35360,24296,11064
935,935,2021-05-22,Estratégico,28154,7943,20211
936,936,2021-05-22,Otros,170,169,1
937,937,2021-05-22,Salud,3128,1401,1727
938,938,2021-05-23,18 a 39 años SIN Factores de R,4,4,0
939,939,2021-05-23,18 a 59 años CON Factores de R,16735,10293,6442
940,940,2021-05-23,40 a 49 años SIN Factores de R,8,8,0
941,941,2021-05-23,50 a 59 años SIN Factores de R,13,13,0
942,942,2021-05-23,60 o más años,10232,7453,2779
943,943,2021-05-23,Estratégico,16743,3647,13096
944,944,2021-05-23,Otros,1,1,0
945,945,2021-05-23,Salud,1225,780,445
946,946,2021-05-24,18 a 39 años SIN Factores de R,68,62,6
947,947,2021-05-24,18 a 59 años CON Factores de R,38663,36441,2222
948,948,2021-05-24,40 a 49 años SIN Factores de R,129,124,5
949,949,2021-05-24,50 a 59 años SIN Factores de R,149,147,2
950,950,2021-05-24,60 o más años,26421,18280,8141
951,951,2021-05-24,Estratégico,17931,10718,7213
952,952,2021-05-24,Otros,110,110,0
953,953,2021-05-24,Salud,3465,1644,1821
954,954,2021-05-25,18 a 39 años SIN Factores de R,8,7,1
955,955,2021-05-25,18 a 59 años CON Factores de R,20575,20243,332
956,956,2021-05-25,40 a 49 años SIN Factores de R,18,16,2
957,957,2021-05-25,50 a 59 años SIN Factores de R,46,37,9
958,958,2021-05-25,60 o más años,35659,11776,23883
959,959,2021-05-25,Estratégico,3985,3453,532
960,960,2021-05-25,Otros,33,31,2
961,961,2021-05-25,Salud,2073,770,1303
962,962,2021-05-26,18 a 39 años SIN Factores de R,193,40,153
963,963,2021-05-26,18 a 59 años CON Factores de R,47510,41487,6023
964,964,2021-05-26,40 a 49 años SIN Factores de R,144,69,75
965,965,2021-05-26,50 a 59 años SIN Factores de R,265,150,115
966,966,2021-05-26,60 o más años,73192,29864,43328
967,967,2021-05-26,Estratégico,18073,9977,8096
968,968,2021-05-26,Otros,2765,2739,26
969,969,2021-05-26,Salud,7466,3149,4317
970,970,2021-05-27,18 a 39 años SIN Factores de R,239,110,129
971,971,2021-05-27,18 a 59 años CON Factores de R,58833,51519,7314
972,972,2021-05-27,40 a 49 años SIN Factores de R,190,92,98
973,973,2021-05-27,50 a 59 años SIN Factores de R,289,195,94
974,974,2021-05-27,60 o más años,76575,18107,58468
975,975,2021-05-27,Estratégico,20861,12888,7973
976,976,2021-05-27,Otros,382,360,22
977,977,2021-05-27,Salud,8367,3032,5335
978,978,2021-05-28,18 a 39 años SIN Factores de R,474,323,151
979,979,2021-05-28,18 a 59 años CON Factores de R,89222,81547,7675
980,980,2021-05-28,40 a 49 años SIN Factores de R,475,361,114
981,981,2021-05-28,50 a 59 años SIN Factores de R,823,689,134
982,982,2021-05-28,60 o más años,72862,16294,56568
983,983,2021-05-28,Estratégico,28436,18465,9971
984,984,2021-05-28,Otros,703,682,21
985,985,2021-05-28,Salud,47986,3899,44087
986,986,2021-05-29,18 a 39 años SIN Factores de R,95,77,18
987,987,2021-05-29,18 a 59 años CON Factores de R,121165,117533,3632
988,988,2021-05-29,40 a 49 años SIN Factores de R,222,202,20
989,989,2021-05-29,50 a 59 años SIN Factores de R,558,533,25
990,990,2021-05-29,60 o más años,45456,14643,30813
991,991,2021-05-29,Estratégico,19938,15769,4169
992,992,2021-05-29,Otros,1138,951,187
993,993,2021-05-29,Salud,35196,13713,21483
994,994,2021-05-30,18 a 39 años SIN Factores de R,66,64,2
995,995,2021-05-30,18 a 59 años CON Factores de R,73179,72613,566
996,996,2021-05-30,40 a 49 años SIN Factores de R,466,463,3
997,997,2021-05-30,50 a 59 años SIN Factores de R,2799,2798,1
998,998,2021-05-30,60 o más años,12197,6440,5757
999,999,2021-05-30,Estratégico,10558,9820,738
1000,1000,2021-05-30,Otros,3130,3124,6
1001,1001,2021-05-30,Salud,24918,15723,9195
1002,1002,2021-05-31,18 a 39 años SIN Factores de R,477,353,124
1003,1003,2021-05-31,18 a 59 años CON Factores de R,152397,146603,5794
1004,1004,2021-05-31,40 a 49 años SIN Factores de R,423,325,98
1005,1005,2021-05-31,50 a 59 años SIN Factores de R,2832,2734,98
1006,1006,2021-05-31,60 o más años,62611,20625,41986
1007,1007,2021-05-31,Estratégico,33427,28403,5024
1008,1008,2021-05-31,Otros,2787,2753,34
1009,1009,2021-05-31,Salud,38271,31272,6999
1010,1010,2021-06-01,18 a 39 años SIN Factores de R,825,699,126
1011,1011,2021-06-01,18 a 59 años CON Factores de R,158514,154829,3685
1012,1012,2021-06-01,40 a 49 años SIN Factores de R,1024,940,84
1013,1013,2021-06-01,50 a 59 años SIN Factores de R,3160,3054,106
1014,1014,2021-06-01,60 o más años,52345,16793,35552
1015,1015,2021-06-01,Estratégico,48789,43172,5617
1016,1016,2021-06-01,Otros,1863,1856,7
1017,1017,2021-06-01,Salud,41354,37336,4018
1018,1018,2021-06-02,18 a 39 años SIN Factores de R,775,659,116
1019,1019,2021-06-02,18 a 59 años CON Factores de R,147088,142382,4706
1020,1020,2021-06-02,40 a 49 años SIN Factores de R,1080,1019,61
1021,1021,2021-06-02,50 a 59 años SIN Factores de R,3397,3313,84
1022,1022,2021-06-02,60 o más años,51438,15969,35469
1023,1023,2021-06-02,Estratégico,42639,37705,4934
1024,1024,2021-06-02,Otros,4037,3975,62
1025,1025,2021-06-02,Salud,52850,49050,3800
1026,1026,2021-06-03,18 a 39 años SIN Factores de R,1538,1430,108
1027,1027,2021-06-03,18 a 59 años CON Factores de R,180354,175061,5293
1028,1028,2021-06-03,40 a 49 años SIN Factores de R,1589,1499,90
1029,1029,2021-06-03,50 a 59 años SIN Factores de R,7150,7063,87
1030,1030,2021-06-03,60 o más años,35132,14074,21058
1031,1031,2021-06-03,Estratégico,63017,58505,4512
1032,1032,2021-06-03,Otros,6589,6493,96
1033,1033,2021-06-03,Salud,49058,46391,2667
1034,1034,2021-06-04,18 a 39 años SIN Factores de R,3192,3029,163
1035,1035,2021-06-04,18 a 59 años CON Factores de R,199303,187906,11397
1036,1036,2021-06-04,40 a 49 años SIN Factores de R,10631,10439,192
1037,1037,2021-06-04,50 a 59 años SIN Factores de R,25296,24773,523
1038,1038,2021-06-04,60 o más años,37574,15334,22240
1039,1039,2021-06-04,Estratégico,64617,60148,4469
1040,1040,2021-06-04,Otros,5357,5318,39
1041,1041,2021-06-04,Salud,54111,50625,3486
1042,1042,2021-06-05,18 a 39 años SIN Factores de R,3648,3578,70
1043,1043,2021-06-05,18 a 59 años CON Factores de R,129498,126688,2810
1044,1044,2021-06-05,40 a 49 años SIN Factores de R,27422,27304,118
1045,1045,2021-06-05,50 a 59 años SIN Factores de R,25793,25620,173
1046,1046,2021-06-05,60 o más años,22312,11953,10359
1047,1047,2021-06-05,Estratégico,34322,32722,1600
1048,1048,2021-06-05,Otros,3092,3083,9
1049,1049,2021-06-05,Salud,75500,70926,4574
1050,1050,2021-06-06,18 a 39 años SIN Factores de R,1593,1562,31
1051,1051,2021-06-06,18 a 59 años CON Factores de R,52089,50818,1271
1052,1052,2021-06-06,40 a 49 años SIN Factores de R,37231,37156,75
1053,1053,2021-06-06,50 a 59 años SIN Factores de R,15576,15469,107
1054,1054,2021-06-06,60 o más años,15691,12636,3055
1055,1055,2021-06-06,Estratégico,16301,15802,499
1056,1056,2021-06-06,Otros,620,617,3
1057,1057,2021-06-06,Salud,74861,67584,7277
1058,1058,2021-06-07,18 a 39 años SIN Factores de R,3642,3447,195
1059,1059,2021-06-07,18 a 59 años CON Factores de R,118125,113888,4237
1060,1060,2021-06-07,40 a 49 años SIN Factores de R,19645,19453,192
1061,1061,2021-06-07,50 a 59 años SIN Factores de R,33802,33430,372
1062,1062,2021-06-07,60 o más años,43538,15771,27767
1063,1063,2021-06-07,Estratégico,33303,29932,3371
1064,1064,2021-06-07,Otros,1579,1553,26
1065,1065,2021-06-07,Salud,92545,82805,9740
1066,1066,2021-06-08,18 a 39 años SIN Factores de R,4952,4753,199
1067,1067,2021-06-08,18 a 59 años CON Factores de R,111520,108397,3123
1068,1068,2021-06-08,40 a 49 años SIN Factores de R,42682,42502,180
1069,1069,2021-06-08,50 a 59 años SIN Factores de R,45115,44639,476
1070,1070,2021-06-08,60 o más años,31923,12177,19746
1071,1071,2021-06-08,Estratégico,41612,38585,3027
1072,1072,2021-06-08,Otros,757,753,4
1073,1073,2021-06-08,Salud,85035,78308,6727
1074,1074,2021-06-09,18 a 39 años SIN Factores de R,4950,4788,162
1075,1075,2021-06-09,18 a 59 años CON Factores de R,99457,96618,2839
1076,1076,2021-06-09,40 a 49 años SIN Factores de R,49284,49103,181
1077,1077,2021-06-09,50 a 59 años SIN Factores de R,44702,44391,311
1078,1078,2021-06-09,60 o más años,21040,8835,12205
1079,1079,2021-06-09,Estratégico,38698,36502,2196
1080,1080,2021-06-09,Otros,674,668,6
1081,1081,2021-06-09,Salud,106979,103558,3421
1082,1082,2021-06-10,18 a 39 años SIN Factores de R,6135,5958,177
1083,1083,2021-06-10,18 a 59 años CON Factores de R,86241,83021,3220
1084,1084,2021-06-10,40 a 49 años SIN Factores de R,41307,41147,160
1085,1085,2021-06-10,50 a 59 años SIN Factores de R,47386,47056,330
1086,1086,2021-06-10,60 o más años,17605,8249,9356
1087,1087,2021-06-10,Estratégico,36344,34653,1691
1088,1088,2021-06-10,Otros,771,745,26
1089,1089,2021-06-10,Salud,91794,89613,2181
1090,1090,2021-06-11,18 a 39 años SIN Factores de R,9937,9697,240
1091,1091,2021-06-11,18 a 59 años CON Factores de R,97498,93143,4355
1092,1092,2021-06-11,40 a 49 años SIN Factores de R,52695,52511,184
1093,1093,2021-06-11,50 a 59 años SIN Factores de R,32980,32698,282
1094,1094,2021-06-11,60 o más años,44918,10312,34606
1095,1095,2021-06-11,Estratégico,36728,34306,2422
1096,1096,2021-06-11,Otros,1111,1048,63
1097,1097,2021-06-11,Salud,84158,81808,2350
1098,1098,2021-06-12,18 a 39 años SIN Factores de R,13162,13121,41
1099,1099,2021-06-12,18 a 59 años CON Factores de R,28652,25757,2895
1100,1100,2021-06-12,40 a 49 años SIN Factores de R,20564,20522,42
1101,1101,2021-06-12,50 a 59 años SIN Factores de R,21076,21026,50
1102,1102,2021-06-12,60 o más años,58617,3550,55067
1103,1103,2021-06-12,Estratégico,18032,12510,5522
1104,1104,2021-06-12,Otros,199,198,1
1105,1105,2021-06-12,Salud,20890,6142,14748
1106,1106,2021-06-13,18 a 39 años SIN Factores de R,6794,6789,5
1107,1107,2021-06-13,18 a 59 años CON Factores de R,9538,9178,360
1108,1108,2021-06-13,40 a 49 años SIN Factores de R,4631,4619,12
1109,1109,2021-06-13,50 a 59 años SIN Factores de R,10388,10368,20
1110,1110,2021-06-13,60 o más años,17456,1925,15531
1111,1111,2021-06-13,Estratégico,3359,2517,842
1112,1112,2021-06-13,Otros,125,122,3
1113,1113,2021-06-13,Salud,28446,2379,26067
1114,1114,2021-06-14,18 a 39 años SIN Factores de R,10141,10004,137
1115,1115,2021-06-14,18 a 59 años CON Factores de R,56972,54641,2331
1116,1116,2021-06-14,40 a 49 años SIN Factores de R,25352,25169,183
1117,1117,2021-06-14,50 a 59 años SIN Factores de R,19155,18774,381
1118,1118,2021-06-14,60 o más años,58625,7793,50832
1119,1119,2021-06-14,Estratégico,20311,16882,3429
1120,1120,2021-06-14,Otros,2138,2129,9
1121,1121,2021-06-14,Salud,38817,15239,23578
1122,1122,2021-06-15,18 a 39 años SIN Factores de R,7598,7455,143
1123,1123,2021-06-15,18 a 59 años CON Factores de R,53842,49464,4378
1124,1124,2021-06-15,40 a 49 años SIN Factores de R,19379,19210,169
1125,1125,2021-06-15,50 a 59 años SIN Factores de R,36819,36477,342
1126,1126,2021-06-15,60 o más años,66568,6692,59876
1127,1127,2021-06-15,Estratégico,17316,15770,1546
1128,1128,2021-06-15,Otros,185,182,3
1129,1129,2021-06-15,Salud,50606,34461,16145
1130,1130,2021-06-16,18 a 39 años SIN Factores de R,22263,22103,160
1131,1131,2021-06-16,18 a 59 años CON Factores de R,57982,54218,3764
1132,1132,2021-06-16,40 a 49 años SIN Factores de R,26019,25770,249
1133,1133,2021-06-16,50 a 59 años SIN Factores de R,27906,27221,685
1134,1134,2021-06-16,60 o más años,58056,6608,51448
1135,1135,2021-06-16,Estratégico,26585,24363,2222
1136,1136,2021-06-16,Otros,1632,1622,10
1137,1137,2021-06-16,Salud,60562,48137,12425
1138,1138,2021-06-17,18 a 39 años SIN Factores de R,23010,22871,139
1139,1139,2021-06-17,18 a 59 años CON Factores de R,68289,61239,7050
1140,1140,2021-06-17,40 a 49 años SIN Factores de R,39132,38982,150
1141,1141,2021-06-17,50 a 59 años SIN Factores de R,32228,31465,763
1142,1142,2021-06-17,60 o más años,55174,6133,49041
1143,1143,2021-06-17,Estratégico,27897,25700,2197
1144,1144,2021-06-17,Otros,597,569,28
1145,1145,2021-06-17,Salud,61304,56925,4379
1146,1146,2021-06-18,18 a 39 años SIN Factores de R,32181,32043,138
1147,1147,2021-06-18,18 a 59 años CON Factores de R,112209,105884,6325
1148,1148,2021-06-18,40 a 49 años SIN Factores de R,89424,89295,129
1149,1149,2021-06-18,50 a 59 años SIN Factores de R,29770,28640,1130
1150,1150,2021-06-18,60 o más años,40345,8972,31373
1151,1151,2021-06-18,Estratégico,50800,48445,2355
1152,1152,2021-06-18,Otros,1937,1925,12
1153,1153,2021-06-18,Salud,35660,33285,2375
1154,1154,2021-06-19,18 a 39 años SIN Factores de R,9881,9855,26
1155,1155,2021-06-19,18 a 59 años CON Factores de R,70339,67972,2367
1156,1156,2021-06-19,40 a 49 años SIN Factores de R,38416,38379,37
1157,1157,2021-06-19,50 a 59 años SIN Factores de R,14036,13856,180
1158,1158,2021-06-19,60 o más años,20825,4370,16455
1159,1159,2021-06-19,Estratégico,69835,69127,708
1160,1160,2021-06-19,Otros,616,615,1
1161,1161,2021-06-19,Salud,4242,3730,512
1162,1162,2021-06-20,18 a 39 años SIN Factores de R,4618,4612,6
1163,1163,2021-06-20,18 a 59 años CON Factores de R,41625,41552,73
1164,1164,2021-06-20,40 a 49 años SIN Factores de R,2423,2419,4
1165,1165,2021-06-20,50 a 59 años SIN Factores de R,2878,2877,1
1166,1166,2021-06-20,60 o más años,5477,1758,3719
1167,1167,2021-06-20,Estratégico,38907,38825,82
1168,1168,2021-06-20,Otros,4,4,0
1169,1169,2021-06-20,Salud,2601,2403,198
1170,1170,2021-06-21,18 a 39 años SIN Factores de R,24248,24188,60
1171,1171,2021-06-21,18 a 59 años CON Factores de R,47111,43789,3322
1172,1172,2021-06-21,40 a 49 años SIN Factores de R,25136,25072,64
1173,1173,2021-06-21,50 a 59 años SIN Factores de R,8450,8243,207
1174,1174,2021-06-21,60 o más años,21234,4058,17176
1175,1175,2021-06-21,Estratégico,36216,35864,352
1176,1176,2021-06-21,Otros,376,374,2
1177,1177,2021-06-21,Salud,3899,1668,2231
1178,1178,2021-06-22,18 a 39 años SIN Factores de R,33276,33086,190
1179,1179,2021-06-22,18 a 59 años CON Factores de R,79114,75904,3210
1180,1180,2021-06-22,40 a 49 años SIN Factores de R,46578,46387,191
1181,1181,2021-06-22,50 a 59 años SIN Factores de R,22827,22086,741
1182,1182,2021-06-22,60 o más años,35754,8118,27636
1183,1183,2021-06-22,Estratégico,57826,55336,2490
1184,1184,2021-06-22,Otros,385,309,76
1185,1185,2021-06-22,Salud,6561,3789,2772
1186,1186,2021-06-23,18 a 39 años SIN Factores de R,24119,23877,242
1187,1187,2021-06-23,18 a 59 años CON Factores de R,67964,65388,2576
1188,1188,2021-06-23,40 a 49 años SIN Factores de R,62874,62632,242
1189,1189,2021-06-23,50 a 59 años SIN Factores de R,13175,12819,356
1190,1190,2021-06-23,60 o más años,23393,5932,17461
1191,1191,2021-06-23,Estratégico,58042,55116,2926
1192,1192,2021-06-23,Otros,135,128,7
1193,1193,2021-06-23,Salud,7604,3487,4117
1194,1194,2021-06-24,18 a 39 años SIN Factores de R,48876,48698,178
1195,1195,2021-06-24,18 a 59 años CON Factores de R,60628,57219,3409
1196,1196,2021-06-24,40 a 49 años SIN Factores de R,84367,84190,177
1197,1197,2021-06-24,50 a 59 años SIN Factores de R,13518,13253,265
1198,1198,2021-06-24,60 o más años,25991,6097,19894
1199,1199,2021-06-24,Estratégico,54773,52632,2141
1200,1200,2021-06-24,Otros,330,275,55
1201,1201,2021-06-24,Salud,9889,2870,7019
1202,1202,2021-06-25,18 a 39 años SIN Factores de R,74681,74333,348
1203,1203,2021-06-25,18 a 59 años CON Factores de R,70687,63142,7545
1204,1204,2021-06-25,40 a 49 años SIN Factores de R,75834,75443,391
1205,1205,2021-06-25,50 a 59 años SIN Factores de R,16488,15845,643
1206,1206,2021-06-25,60 o más años,57393,6994,50399
1207,1207,2021-06-25,Estratégico,64349,60205,4144
1208,1208,2021-06-25,Otros,503,447,56
1209,1209,2021-06-25,Salud,8216,2855,5361
1210,1210,2021-06-26,18 a 39 años SIN Factores de R,76231,76039,192
1211,1211,2021-06-26,18 a 59 años CON Factores de R,40248,35863,4385
1212,1212,2021-06-26,40 a 49 años SIN Factores de R,36707,36274,433
1213,1213,2021-06-26,50 a 59 años SIN Factores de R,10372,9807,565
1214,1214,2021-06-26,60 o más años,67313,4740,62573
1215,1215,2021-06-26,Estratégico,68504,66316,2188
1216,1216,2021-06-26,Otros,946,903,43
1217,1217,2021-06-26,Salud,8603,2504,6099
1218,1218,2021-06-27,18 a 39 años SIN Factores de R,46963,46875,88
1219,1219,2021-06-27,18 a 59 años CON Factores de R,18670,15209,3461
1220,1220,2021-06-27,40 a 49 años SIN Factores de R,19130,19057,73
1221,1221,2021-06-27,50 a 59 años SIN Factores de R,9447,9208,239
1222,1222,2021-06-27,60 o más años,14889,1750,13139
1223,1223,2021-06-27,Estratégico,59351,58872,479
1224,1224,2021-06-27,Otros,306,306,0
1225,1225,2021-06-27,Salud,4153,1104,3049
1226,1226,2021-06-28,18 a 39 años SIN Factores de R,105597,105242,355
1227,1227,2021-06-28,18 a 59 años CON Factores de R,56828,51662,5166
1228,1228,2021-06-28,40 a 49 años SIN Factores de R,86105,85693,412
1229,1229,2021-06-28,50 a 59 años SIN Factores de R,42349,41870,479
1230,1230,2021-06-28,60 o más años,43967,5870,38097
1231,1231,2021-06-28,Estratégico,22084,19736,2348
1232,1232,2021-06-28,Otros,292,237,55
1233,1233,2021-06-28,Salud,5784,2313,3471
1234,1234,2021-06-29,18 a 39 años SIN Factores de R,107337,106920,417
1235,1235,2021-06-29,18 a 59 años CON Factores de R,48363,42116,6247
1236,1236,2021-06-29,40 a 49 años SIN Factores de R,99107,98687,420
1237,1237,2021-06-29,50 a 59 años SIN Factores de R,39337,38716,621
1238,1238,2021-06-29,60 o más años,37195,5423,31772
1239,1239,2021-06-29,Estratégico,26552,23628,2924
1240,1240,2021-06-29,Otros,649,600,49
1241,1241,2021-06-29,Salud,6487,2499,3988
1242,1242,2021-06-30,18 a 39 años SIN Factores de R,121525,120996,529
1243,1243,2021-06-30,18 a 59 años CON Factores de R,42489,36529,5960
1244,1244,2021-06-30,40 a 49 años SIN Factores de R,96455,96012,443
1245,1245,2021-06-30,50 a 59 años SIN Factores de R,36084,35478,606
1246,1246,2021-06-30,60 o más años,28469,5942,22527
1247,1247,2021-06-30,Estratégico,34741,32210,2531
1248,1248,2021-06-30,Otros,386,371,15
1249,1249,2021-06-30,Salud,5640,3134,2506
1250,1250,2021-07-01,18 a 39 años SIN Factores de R,153191,152419,772
1251,1251,2021-07-01,18 a 59 años CON Factores de R,52232,42271,9961
1252,1252,2021-07-01,40 a 49 años SIN Factores de R,63552,62954,598
1253,1253,2021-07-01,50 a 59 años SIN Factores de R,14559,13242,1317
1254,1254,2021-07-01,60 o más años,98979,6303,92676
1255,1255,2021-07-01,Estratégico,28236,22818,5418
1256,1256,2021-07-01,Otros,488,437,51
1257,1257,2021-07-01,Salud,6887,2310,4577
1258,1258,2021-07-02,18 a 39 años SIN Factores de R,145690,144947,743
1259,1259,2021-07-02,18 a 59 años CON Factores de R,77081,67988,9093
1260,1260,2021-07-02,40 a 49 años SIN Factores de R,57468,55649,1819
1261,1261,2021-07-02,50 a 59 años SIN Factores de R,15134,14171,963
1262,1262,2021-07-02,60 o más años,68067,5915,62152
1263,1263,2021-07-02,Estratégico,34892,31323,3569
1264,1264,2021-07-02,Otros,521,489,32
1265,1265,2021-07-02,Salud,7379,2800,4579
1266,1266,2021-07-03,18 a 39 años SIN Factores de R,82529,82102,427
1267,1267,2021-07-03,18 a 59 años CON Factores de R,58783,53468,5315
1268,1268,2021-07-03,40 a 49 años SIN Factores de R,60670,59126,1544
1269,1269,2021-07-03,50 a 59 años SIN Factores de R,9714,8631,1083
1270,1270,2021-07-03,60 o más años,74784,3462,71322
1271,1271,2021-07-03,Estratégico,40618,39544,1074
1272,1272,2021-07-03,Otros,268,43,225
1273,1273,2021-07-03,Salud,3448,2340,1108
1274,1274,2021-07-04,18 a 39 años SIN Factores de R,55792,55647,145
1275,1275,2021-07-04,18 a 59 años CON Factores de R,40279,38534,1745
1276,1276,2021-07-04,40 a 49 años SIN Factores de R,41027,40557,470
1277,1277,2021-07-04,50 a 59 años SIN Factores de R,3791,3542,249
1278,1278,2021-07-04,60 o más años,18943,1216,17727
1279,1279,2021-07-04,Estratégico,32086,31910,176
1280,1280,2021-07-04,Otros,3,1,2
1281,1281,2021-07-04,Salud,1842,1424,418
1282,1282,2021-07-05,18 a 39 años SIN Factores de R,124031,123306,725
1283,1283,2021-07-05,18 a 59 años CON Factores de R,52507,31939,20568
1284,1284,2021-07-05,40 a 49 años SIN Factores de R,40232,38423,1809
1285,1285,2021-07-05,50 a 59 años SIN Factores de R,12444,10087,2357
1286,1286,2021-07-05,60 o más años,140054,5642,134412
1287,1287,2021-07-05,Estratégico,22922,16804,6118
1288,1288,2021-07-05,Otros,386,365,21
1289,1289,2021-07-05,Salud,6376,2330,4046
1290,1290,2021-07-06,18 a 39 años SIN Factores de R,155954,155255,699
1291,1291,2021-07-06,18 a 59 años CON Factores de R,49497,30342,19155
1292,1292,2021-07-06,40 a 49 años SIN Factores de R,39234,37250,1984
1293,1293,2021-07-06,50 a 59 años SIN Factores de R,11355,8758,2597
1294,1294,2021-07-06,60 o más años,114803,4927,109876
1295,1295,2021-07-06,Estratégico,30279,26359,3920
1296,1296,2021-07-06,Otros,193,166,27
1297,1297,2021-07-06,Salud,5235,2017,3218
1298,1298,2021-07-07,18 a 39 años SIN Factores de R,154424,153840,584
1299,1299,2021-07-07,18 a 59 años CON Factores de R,46266,30519,15747
1300,1300,2021-07-07,40 a 49 años SIN Factores de R,57745,55972,1773
1301,1301,2021-07-07,50 a 59 años SIN Factores de R,11427,8911,2516
1302,1302,2021-07-07,60 o más años,88385,4639,83746
1303,1303,2021-07-07,Estratégico,27288,24129,3159
1304,1304,2021-07-07,Otros,328,300,28
1305,1305,2021-07-07,Salud,5196,2419,2777
1306,1306,2021-07-08,18 a 39 años SIN Factores de R,182615,181681,934
1307,1307,2021-07-08,18 a 59 años CON Factores de R,33912,27435,6477
1308,1308,2021-07-08,40 a 49 años SIN Factores de R,69466,67667,1799
1309,1309,2021-07-08,50 a 59 años SIN Factores de R,11938,10583,1355
1310,1310,2021-07-08,60 o más años,30165,5618,24547
1311,1311,2021-07-08,Estratégico,68073,66033,2040
1312,1312,2021-07-08,Otros,294,257,37
1313,1313,2021-07-08,Salud,2647,1716,931
1314,1314,2021-07-09,18 a 39 años SIN Factores de R,135976,135648,328
1315,1315,2021-07-09,18 a 59 años CON Factores de R,23332,19999,3333
1316,1316,2021-07-09,40 a 49 años SIN Factores de R,42726,42074,652
1317,1317,2021-07-09,50 a 59 años SIN Factores de R,8776,8269,507
1318,1318,2021-07-09,60 o más años,94224,3500,90724
1319,1319,2021-07-09,Estratégico,37128,36325,803
1320,1320,2021-07-09,Otros,36,29,7
1321,1321,2021-07-09,Salud,8034,1399,6635
1322,1322,2021-07-10,18 a 39 años SIN Factores de R,148737,148462,275
1323,1323,2021-07-10,18 a 59 años CON Factores de R,26594,25289,1305
1324,1324,2021-07-10,40 a 49 años SIN Factores de R,41036,40593,443
1325,1325,2021-07-10,50 a 59 años SIN Factores de R,6513,6139,374
1326,1326,2021-07-10,60 o más años,27936,3378,24558
1327,1327,2021-07-10,Estratégico,69124,68629,495
1328,1328,2021-07-10,Otros,24,22,2
1329,1329,2021-07-10,Salud,4279,1555,2724
1330,1330,2021-07-11,18 a 39 años SIN Factores de R,74639,74553,86
1331,1331,2021-07-11,18 a 59 años CON Factores de R,6487,6103,384
1332,1332,2021-07-11,40 a 49 años SIN Factores de R,25614,25512,102
1333,1333,2021-07-11,50 a 59 años SIN Factores de R,2221,2137,84
1334,1334,2021-07-11,60 o más años,6309,1026,5283
1335,1335,2021-07-11,Estratégico,44694,44580,114
1336,1336,2021-07-11,Otros,32,15,17
1337,1337,2021-07-11,Salud,2402,638,1764
1338,1338,2021-07-12,18 a 39 años SIN Factores de R,200855,200098,757
1339,1339,2021-07-12,18 a 59 años CON Factores de R,25059,19623,5436
1340,1340,2021-07-12,40 a 49 años SIN Factores de R,43343,41641,1702
1341,1341,2021-07-12,50 a 59 años SIN Factores de R,8667,7449,1218
1342,1342,2021-07-12,60 o más años,20513,4340,16173
1343,1343,2021-07-12,Estratégico,71513,70042,1471
1344,1344,2021-07-12,Otros,129,119,10
1345,1345,2021-07-12,Salud,2326,1700,626
1346,1346,2021-07-13,18 a 39 años SIN Factores de R,226148,225576,572
1347,1347,2021-07-13,18 a 59 años CON Factores de R,28115,23502,4613
1348,1348,2021-07-13,40 a 49 años SIN Factores de R,23105,21818,1287
1349,1349,2021-07-13,50 a 59 años SIN Factores de R,9792,9116,676
1350,1350,2021-07-13,60 o más años,21380,4446,16934
1351,1351,2021-07-13,Estratégico,69089,67621,1468
1352,1352,2021-07-13,Otros,143,125,18
1353,1353,2021-07-13,Salud,2517,1818,699
1354,1354,2021-07-14,18 a 39 años SIN Factores de R,218171,217555,616
1355,1355,2021-07-14,18 a 59 años CON Factores de R,34250,27441,6809
1356,1356,2021-07-14,40 a 49 años SIN Factores de R,23798,22054,1744
1357,1357,2021-07-14,50 a 59 años SIN Factores de R,10499,8723,1776
1358,1358,2021-07-14,60 o más años,23396,4261,19135
1359,1359,2021-07-14,Estratégico,72210,70679,1531
1360,1360,2021-07-14,Otros,155,153,2
1361,1361,2021-07-14,Salud,2500,1844,656
1362,1362,2021-07-15,18 a 39 años SIN Factores de R,212242,210636,1606
1363,1363,2021-07-15,18 a 59 años CON Factores de R,27195,21509,5686
1364,1364,2021-07-15,40 a 49 años SIN Factores de R,32430,17981,14449
1365,1365,2021-07-15,50 a 59 años SIN Factores de R,9093,7117,1976
1366,1366,2021-07-15,60 o más años,27114,4382,22732
1367,1367,2021-07-15,Estratégico,67107,65681,1426
1368,1368,2021-07-15,Otros,93,53,40
1369,1369,2021-07-15,Salud,7656,1520,6136
1370,1370,2021-07-16,18 a 39 años SIN Factores de R,218691,215489,3202
1371,1371,2021-07-16,18 a 59 años CON Factores de R,33143,26548,6595
1372,1372,2021-07-16,40 a 49 años SIN Factores de R,32236,16819,15417
1373,1373,2021-07-16,50 a 59 años SIN Factores de R,8331,6714,1617
1374,1374,2021-07-16,60 o más años,70016,4360,65656
1375,1375,2021-07-16,Estratégico,68447,66825,1622
1376,1376,2021-07-16,Otros,158,41,117
1377,1377,2021-07-16,Salud,4791,1520,3271
1378,1378,2021-07-17,18 a 39 años SIN Factores de R,115589,113054,2535
1379,1379,2021-07-17,18 a 59 años CON Factores de R,21478,16213,5265
1380,1380,2021-07-17,40 a 49 años SIN Factores de R,19959,12177,7782
1381,1381,2021-07-17,50 a 59 años SIN Factores de R,5877,4528,1349
1382,1382,2021-07-17,60 o más años,71071,2926,68145
1383,1383,2021-07-17,Estratégico,72722,68501,4221
1384,1384,2021-07-17,Otros,5,5,0
1385,1385,2021-07-17,Salud,1705,962,743
1386,1386,2021-07-18,18 a 39 años SIN Factores de R,61751,60723,1028
1387,1387,2021-07-18,18 a 59 años CON Factores de R,10810,8263,2547
1388,1388,2021-07-18,40 a 49 años SIN Factores de R,13468,5876,7592
1389,1389,2021-07-18,50 a 59 años SIN Factores de R,5082,2014,3068
1390,1390,2021-07-18,60 o más años,20883,1120,19763
1391,1391,2021-07-18,Estratégico,50499,48920,1579
1392,1392,2021-07-18,Otros,3,1,2
1393,1393,2021-07-18,Salud,973,605,368
1394,1394,2021-07-19,18 a 39 años SIN Factores de R,208284,203555,4729
1395,1395,2021-07-19,18 a 59 años CON Factores de R,28742,20434,8308
1396,1396,2021-07-19,40 a 49 años SIN Factores de R,35146,13195,21951
1397,1397,2021-07-19,50 a 59 años SIN Factores de R,9739,5859,3880
1398,1398,2021-07-19,60 o más años,42056,4196,37860
1399,1399,2021-07-19,Estratégico,77777,74103,3674
1400,1400,2021-07-19,Otros,109,106,3
1401,1401,2021-07-19,Salud,2706,1396,1310
1402,1402,2021-07-20,18 a 39 años SIN Factores de R,149984,146623,3361
1403,1403,2021-07-20,18 a 59 años CON Factores de R,27151,18973,8178
1404,1404,2021-07-20,40 a 49 años SIN Factores de R,29020,13857,15163
1405,1405,2021-07-20,50 a 59 años SIN Factores de R,7508,5836,1672
1406,1406,2021-07-20,60 o más años,171180,4469,166711
1407,1407,2021-07-20,Estratégico,38657,33749,4908
1408,1408,2021-07-20,Otros,188,156,32
1409,1409,2021-07-20,Salud,3215,894,2321
1410,1410,2021-07-21,18 a 39 años SIN Factores de R,191173,187160,4013
1411,1411,2021-07-21,18 a 59 años CON Factores de R,24751,19286,5465
1412,1412,2021-07-21,40 a 49 años SIN Factores de R,17497,14566,2931
1413,1413,2021-07-21,50 a 59 años SIN Factores de R,7764,6577,1187
1414,1414,2021-07-21,60 o más años,77944,5565,72379
1415,1415,2021-07-21,Estratégico,79009,75256,3753
1416,1416,2021-07-21,Otros,128,116,12
1417,1417,2021-07-21,Salud,2029,928,1101
1418,1418,2021-07-22,18 a 39 años SIN Factores de R,177851,168606,9245
1419,1419,2021-07-22,18 a 59 años CON Factores de R,22694,16332,6362
1420,1420,2021-07-22,40 a 49 años SIN Factores de R,18090,13268,4822
1421,1421,2021-07-22,50 a 59 años SIN Factores de R,7851,5868,1983
1422,1422,2021-07-22,60 o más años,38588,5472,33116
1423,1423,2021-07-22,Estratégico,94938,89025,5913
1424,1424,2021-07-22,Otros,247,204,43
1425,1425,2021-07-22,Salud,2349,1542,807
1426,1426,2021-07-23,18 a 39 años SIN Factores de R,184249,160016,24233
1427,1427,2021-07-23,18 a 59 años CON Factores de R,32963,21000,11963
1428,1428,2021-07-23,40 a 49 años SIN Factores de R,38341,14264,24077
1429,1429,2021-07-23,50 a 59 años SIN Factores de R,9587,6474,3113
1430,1430,2021-07-23,60 o más años,21605,5971,15634
1431,1431,2021-07-23,Estratégico,92711,88906,3805
1432,1432,2021-07-23,Otros,73,61,12
1433,1433,2021-07-23,Salud,2488,1549,939
1434,1434,2021-07-24,18 a 39 años SIN Factores de R,84218,77848,6370
1435,1435,2021-07-24,18 a 59 años CON Factores de R,30090,14316,15774
1436,1436,2021-07-24,40 a 49 años SIN Factores de R,15483,7024,8459
1437,1437,2021-07-24,50 a 59 años SIN Factores de R,11680,2871,8809
1438,1438,2021-07-24,60 o más años,10133,2722,7411
1439,1439,2021-07-24,Estratégico,75822,73677,2145
1440,1440,2021-07-24,Otros,33,20,13
1441,1441,2021-07-24,Salud,1264,859,405
1442,1442,2021-07-25,18 a 39 años SIN Factores de R,45307,44377,930
1443,1443,2021-07-25,18 a 59 años CON Factores de R,8093,7162,931
1444,1444,2021-07-25,40 a 49 años SIN Factores de R,5265,4054,1211
1445,1445,2021-07-25,50 a 59 años SIN Factores de R,3372,2071,1301
1446,1446,2021-07-25,60 o más años,4640,1487,3153
1447,1447,2021-07-25,Estratégico,61726,61454,272
1448,1448,2021-07-25,Otros,2,0,2
1449,1449,2021-07-25,Salud,635,545,90
1450,1450,2021-07-26,18 a 39 años SIN Factores de R,154590,106479,48111
1451,1451,2021-07-26,18 a 59 años CON Factores de R,58699,17934,40765
1452,1452,2021-07-26,40 a 49 años SIN Factores de R,38698,11368,27330
1453,1453,2021-07-26,50 a 59 años SIN Factores de R,14360,5082,9278
1454,1454,2021-07-26,60 o más años,21548,4789,16759
1455,1455,2021-07-26,Estratégico,96734,85453,11281
1456,1456,2021-07-26,Otros,241,191,50
1457,1457,2021-07-26,Salud,2944,987,1957
1458,1458,2021-07-27,18 a 39 años SIN Factores de R,153558,112997,40561
1459,1459,2021-07-27,18 a 59 años CON Factores de R,80137,13889,66248
1460,1460,2021-07-27,40 a 49 años SIN Factores de R,43524,12228,31296
1461,1461,2021-07-27,50 a 59 años SIN Factores de R,13360,5279,8081
1462,1462,2021-07-27,60 o más años,36969,3996,32973
1463,1463,2021-07-27,Estratégico,41413,27912,13501
1464,1464,2021-07-27,Otros,134,77,57
1465,1465,2021-07-27,Salud,4469,682,3787
1466,1466,2021-07-28,18 a 39 años SIN Factores de R,163836,137439,26397
1467,1467,2021-07-28,18 a 59 años CON Factores de R,93250,19505,73745
1468,1468,2021-07-28,40 a 49 años SIN Factores de R,33531,12348,21183
1469,1469,2021-07-28,50 a 59 años SIN Factores de R,15366,5268,10098
1470,1470,2021-07-28,60 o más años,26641,3814,22827
1471,1471,2021-07-28,Estratégico,59551,37902,21649
1472,1472,2021-07-28,Otros,332,53,279
1473,1473,2021-07-28,Salud,4061,987,3074
1474,1474,2021-07-29,18 a 39 años SIN Factores de R,141782,112182,29600
1475,1475,2021-07-29,18 a 59 años CON Factores de R,66276,15584,50692
1476,1476,2021-07-29,40 a 49 años SIN Factores de R,29899,11237,18662
1477,1477,2021-07-29,50 a 59 años SIN Factores de R,16175,4971,11204
1478,1478,2021-07-29,60 o más años,17928,4027,13901
1479,1479,2021-07-29,Estratégico,79860,40250,39610
1480,1480,2021-07-29,Otros,353,85,268
1481,1481,2021-07-29,Salud,3361,942,2419
1482,1482,2021-07-30,18 a 39 años SIN Factores de R,123669,82588,41081
1483,1483,2021-07-30,18 a 59 años CON Factores de R,60090,17222,42868
1484,1484,2021-07-30,40 a 49 años SIN Factores de R,27351,9275,18076
1485,1485,2021-07-30,50 a 59 años SIN Factores de R,15807,4058,11749
1486,1486,2021-07-30,60 o más años,14484,3830,10654
1487,1487,2021-07-30,Estratégico,102570,57283,45287
1488,1488,2021-07-30,Otros,451,67,384
1489,1489,2021-07-30,Salud,3085,703,2382
1490,1490,2021-07-31,18 a 39 años SIN Factores de R,55452,31071,24381
1491,1491,2021-07-31,18 a 59 años CON Factores de R,29075,10056,19019
1492,1492,2021-07-31,40 a 49 años SIN Factores de R,23067,4636,18431
1493,1493,2021-07-31,50 a 59 años SIN Factores de R,5752,2024,3728
1494,1494,2021-07-31,60 o más años,5602,2151,3451
1495,1495,2021-07-31,Estratégico,94789,44211,50578
1496,1496,2021-07-31,Otros,21,8,13
1497,1497,2021-07-31,Salud,1917,432,1485
1498,1498,2021-08-01,18 a 39 años SIN Factores de R,56,12,44
1499,1499,2021-08-01,18 a 59 años CON Factores de R,1,1,0
1500,1500,2021-08-01,40 a 49 años SIN Factores de R,2,2,0
1501,1501,2021-08-01,60 o más años,1,0,1
1502,1502,S.I.,60 o más años,2,1,1
1503,1503,S.I.,Estratégico,2,2,0
1504,1504,S.I.,Salud,1,1,0
